Food Code;Food Name;Group;Water (g);Total nitrogen (g);Protein (g);Fat (g);Carbohydrate (g);Energy (kcal) (kcal);Energy (kJ) (kJ);Total sugars (g);Glucose (g);Sucrose (g);Lactose (g);Cholesterol (mg);Vitamin D (µg);Vitamin E (mg);Vitamin K1 (µg);Vitamin B6 (mg);Vitamin B12 (µg);Vitamin C (mg)
grains and grain-based products;Biscuits, cheese flavoured;AM;3.1;1.84;10.5;28.1;53.2;494;2069;2.7;0;2.7;0;18.4;0;8.71;;0.07;0.2;0
grains and grain-based products;Biscuits, cookies, chocolate chip, American style;AM;6.9;0.91;5.2;21.3;60.6;440;1845;40.5;0;40.5;0;35.5;0;2.39;;0.05;0.3;0
grains and grain-based products;Biscuits, cookies, chocolate chip, standard;AM;3.6;0.94;5.4;24.9;60;471;1973;30;0;30;0;2.9;0;2.19;;0.03;0;0
grains and grain-based products;Biscuits, digestive, half coated in chocolate;AM;1.8;1.11;6.3;25.7;61.8;488;2047;24.3;0;24.3;0;6.1;0;2.35;;0.07;0.1;0
grains and grain-based products;Biscuits, digestive, plain;AM;2.8;1.09;6.2;21.3;65.6;463;1943;17.5;0;17.5;0;2.4;0;5.32;1.51;0.07;0;0
grains and grain-based products;Biscuits, fully coated with chocolate;AM;1.9;1.12;6.4;27.2;62.8;506;2120;39.3;0;33.3;5.9;16.6;0;1.57;3.46;0.09;0;0
grains and grain-based products;Biscuits, fully coated with chocolate, with cream;AM;1.6;0.9;5.2;28.2;59;496;2075;37.4;0;34.1;3.3;18.3;0;1.78;;0.06;0.1;0
grains and grain-based products;Biscuits, fully coated with chocolate, with marshmallow;AM;9.8;0.78;4.5;19;59.9;413;1737;41.4;6;28.7;0;5.7;0;0.83;;0.04;0.2;0
grains and grain-based products;Biscuits, ginger nuts;AM;3.3;0.84;4.8;15.7;75.3;443;1867;31.3;3;22.6;0;2.6;0;2.1;1.6;0.07;0;0
grains and grain-based products;Biscuits, jam filled;AM;6.5;0.92;5.2;14.4;74;428;1806;33;6.1;19.4;0;4.8;0;2.12;;0.05;0;0
grains and grain-based products;Biscuits, plain, reduced fat;AM;3.1;1.16;6.6;13.5;75.7;432;1823;21.2;0.9;20.3;0;1.7;0;3.37;;0.07;0;0
grains and grain-based products;Biscuits, semi-sweet;AM;2;1.13;6.4;15.1;75.4;444;1874;20.3;0.6;19.7;0;4.9;0;2.85;1.71;0.06;0;0
grains and grain-based products;Biscuits, short or sweet, half coated in chocolate;AM;2.2;1.06;6;24.2;70.3;506;2124;35.5;0;32.5;3;15.5;0;1.84;;0.07;0;0
grains and grain-based products;Bread rolls, malted wheat;AG;34.5;1.7;10;4.2;42.7;238;1009;3;0.3;0;0;0;0;0.23;;0.19;0;0
grains and grain-based products;Bread rolls, white, crusty;AG;29.7;1.6;9.2;2.2;54.9;262;1116;2.7;0;0;0;0;0;0.23;;0.03;0;0
grains and grain-based products;Bread rolls, white, soft;AF;35.6;1.6;9.3;2.6;51.5;254;1078;2.6;0.2;0;0;0;0;0.2;;0.03;0;0
grains and grain-based products;Bread rolls, wholemeal;AG;37.2;1.8;10.4;3.3;46.1;244;1037;2.6;0.5;0;0;0;0;0.3;;0.1;0;0
grains and grain-based products;Bread, garlic and herb, retail;AF;25.8;1.23;7;16.7;45.1;348;1459;2.9;0.1;0;0;31.2;0;1.79;;0.14;0.1;0
grains and grain-based products;Bread, naan, peshwari naan, takeaway and retail;AF;32.4;1.22;7.6;7.9;39.8;251;1058;1.6;0;1.6;0;40.6;;1.62;;;0;0
grains and grain-based products;Bread, pitta, white;AF;31.4;1.6;9.1;1.3;55.1;255;1084;3;0.5;0;0;0;0;;;;0;0
grains and grain-based products;Bread, white, crusty bloomer, unsliced, fresh, large;AF;36;1.61;9.2;1.6;52.3;247;1052;2.8;0;0;0;0;0;0.22;;0.06;0;0
grains and grain-based products;Breadsticks, plain;AM;4.2;1.9;10.9;8.1;72.9;389;1650;3.3;0;0;0;6.2;0;0.18;;0.1;0;0
grains and grain-based products;Breakfast cereal, cornflakes, crunchy / honey nut coated, fortified;AI;2.9;0.85;5.3;4.2;86.6;384;1631;37.4;2.7;33.1;0;0;;0.44;;1.5;2;0
grains and grain-based products;Breakfast cereal, cornflakes, frosted, fortified;AI;3.1;0.75;4.7;0.5;87;350;1490;38.3;1.1;36.2;0;0;4.7;0.14;;1.6;1.7;0
grains and grain-based products;Breakfast cereal, fruit and fibre type, fortified;AI;5.7;1.38;8;5.8;70.3;348;1475;26.2;8.4;8.4;0;0.1;;1.36;;1.3;;0
grains and grain-based products;Breakfast cereal, instant hot oat, plain, raw, fortified;AI;6.7;1.88;11;7.3;64.6;352;1491;0.5;0;0.2;0;0.2;4.3;0.31;;1.2;2.1;0
grains and grain-based products;Breakfast cereal, oat, instant, plain, fortified, cooked, made up with semi-skimmed milk;AI;77.5;0.77;4.9;2.5;14.2;95;403;4.2;0;0;4.2;2.6;0.7;0.14;;0.34;1.1;0
grains and grain-based products;Breakfast cereal, puffed wheat, unfortified;AI;3.5;2.26;13.2;2;72;341;1450;0.2;0;0;0;0;0;0.99;;0.11;0;0
grains and grain-based products;Breakfast cereal, rice, chocolate flavoured, fortified;AI;3.3;0.77;4.6;2.3;89.6;375;1597;37.7;0.5;36.9;0;0.1;4.6;;;1.5;1.9;0
grains and grain-based products;Breakfast cereal, shredded wheat type, unfortified;AI;5.8;1.87;10.9;2.5;71.2;333;1417;0.6;0;0.6;0;0;0;0.57;;0.18;0;0
grains and grain-based products;Breakfast cereal, wheat and multigrain, chocolate flavoured, fortified;AI;3.3;1.12;6.5;4.1;83.2;375;1594;30.5;0.2;30;0.2;0.2;;0.79;;1.4;1.4;
grains and grain-based products;Breakfast cereal, wheat biscuits, Weetabix type, fortified;AI;6;1.8;10.5;1.9;72.7;332;1412;3.9;0.7;1.9;0;0;0;1.45;1.5;0.22;0;0
grains and grain-based products;Cake bars, chocolate;AN;10.5;0.88;5;21.6;57.5;430;1804;41.5;2.1;33.3;4;29.4;1.3;2.93;;0.01;0;0
grains and grain-based products;Cake, battenberg, retail;AN;16.7;0.7;4.4;9.9;65.9;354;1495;56.8;5.1;46.7;0;5.9;;1.14;;0.04;0.1;0
grains and grain-based products;Cake, carrot, iced, retail;AN;20.4;0.74;4.2;20.2;46.8;374;1569;34.5;0;31.8;0;53.2;0;2.3;;0.09;0.2;2
grains and grain-based products;Cake, chocolate, with filling and icing, retail;AN;18.4;0.78;4.5;23.7;48.6;413;1730;36.6;1.4;33.2;2;55.2;0.4;1.14;;0.05;0.2;0
grains and grain-based products;Cake, fruit, retail;AN;21.8;0.8;4.5;12.1;55.2;334;1408;39.6;10.5;14;0;43.1;0;1.5;7.26;0.08;0.1;0
grains and grain-based products;Cake, sponge, soft iced, retail;AN;21.6;0.84;4.8;15.8;55;368;1546;39;0;35.5;0;36;0;1.8;;0.08;0.2;
grains and grain-based products;Cake, sponge, with dairy cream and jam, frozen;AN;38.4;0.69;4.3;10.9;43.9;280;1179;24.3;3;18.1;0.9;58.6;0.4;;;0.01;0.3;0
grains and grain-based products;Cake, sponge, with jam and butter cream, retail;AN;22.2;0.64;3.7;14.8;55.1;354;1492;37.6;3.5;28.2;0;76;0;1.19;;0.04;0.4;0
grains and grain-based products;Cake, Swiss rolls, chocolate covered and filled, retail;AN;13.4;0.79;4.5;22.7;51;414;1733;41.2;4.1;33.8;0;43.8;0;1.14;;0.05;0.2;0
grains and grain-based products;Cakes from 'healthy eating' ranges;AN;24;0.57;3.3;2.5;58.8;257;1091;47.4;2.8;41.9;0;19.4;0;0.28;;0.08;0.2;
grains and grain-based products;Cakes, fancy iced, individual, retail;AN;18.4;0.58;3.3;16.8;57.6;381;1600;44.1;1.5;40.5;0;31.1;0;2.61;;0.03;0.2;0
grains and grain-based products;Cheese straws/twists, retail;AM;4.7;2.21;14.1;30.3;48.3;510;2133;1.6;0;0;0;71.4;0;1.28;;0.07;0.2;0
grains and grain-based products;Cream crackers;AM;4.9;1.57;8.9;16.4;69.7;445;1874;1.5;0;0;0;4.6;0;1.68;;0.06;0;0
grains and grain-based products;Croissants;AG;24.8;1.5;8.3;19.7;43.3;373;1563;5.3;1.2;0;0.2;52;0.1;0.99;;0.11;0;0
grains and grain-based products;Crumble, fruit, retail;AS;49.1;0.38;2.4;8.3;36;219;924;21.8;4.1;11.3;0;13.2;0.7;0.74;;0.05;0;3
grains and grain-based products;Doughnuts, ring, iced;AP;21.3;1.03;5.8;25.7;42.3;413;1728;16.2;1.7;13.7;0;8.9;;2.43;;0.03;0;0
grains and grain-based products;Doughnuts, with jam;AP;28.9;0.95;5.4;13.1;48.4;321;1352;20.3;11.4;0;0;7.2;;1.75;;0.04;0.1;
grains and grain-based products;Eccles cakes, retail;AN;17.6;0.77;4.4;18.3;48.8;365;1532;34;10.8;3.3;0;22.9;0.8;0.9;;0.07;0;0
grains and grain-based products;Fig Rolls;AM;13.7;0.73;4.2;10.6;66.8;363;1532;43.8;11.5;15.8;0;1.3;0;1.59;;0.08;0;0
grains and grain-based products;Flapjacks, retail;AM;9.3;0.87;5.1;22.8;55.7;434;1821;29.2;4.3;20.7;0;25;0;2.18;;0.04;0;0
grains and grain-based products;Flour, wheat, bread/strong, white;AA;11.7;1.98;11.3;1.2;79.2;353;1504;0.5;0;0.4;0;0;0;0.43;;0.15;0;0
grains and grain-based products;Flour, wheat, white, self raising;AA;11.3;1.55;8.9;1.5;79.6;348;1480;0.6;0;0.5;0;0;0;0.63;;0.18;0;0
grains and grain-based products;Gateau, fruit, frozen;AN;51.9;0.5;3.2;12.3;33.3;248;1042;14.9;2;10.1;0.7;52.5;0;1.06;;0.02;0.2;4
grains and grain-based products;Iced buns, retail;AN;24.4;1.05;6;7.8;60.8;322;1364;25.8;6.4;11.4;0;4.7;0;0.77;;0.05;0;0
grains and grain-based products;Jaffa cakes;AM;12.2;0.78;4.4;8.5;69.3;354;1498;51.6;8.5;35.1;0.2;9.4;0;0.3;;0.07;0.4;2
grains and grain-based products;Jam tarts, retail;AS;16.9;0.56;3.2;13.5;58.2;353;1485;32.1;9.4;10.9;0;2.8;0;2.32;;0.03;0;0
grains and grain-based products;Mince pies, retail;AS;18.5;0.68;3.8;14.9;60.7;377;1588;35.5;16.6;3.4;0.4;11.9;0;2.06;;0.04;0;0
grains and grain-based products;Minibreads, toasted, retail;AM;3;1.84;10.5;13.6;68.9;423;1784;3.3;0;0;0;0;0;2.93;;0.1;0;0
grains and grain-based products;Muffins, American, chocolate, retail;AN;18.6;0.97;5.5;25.4;49.5;436;1825;30.9;0.6;28.3;1.5;44.8;0;3.34;;0.01;0.4;0
grains and grain-based products;Muffins, American, not chocolate, retail;AN;24.6;0.87;5;19.5;47.8;375;1571;27.7;1;24.3;0.9;46.4;0;2.4;;0.01;0.2;0
grains and grain-based products;Muffins, English style, white;AP;40.5;1.8;10;1.9;44.2;223;948;3.4;0.5;0;0;0;0;0.09;;0.12;0;0
grains and grain-based products;Noodles, egg, dried, raw;AD;8.2;2.11;12;2;72.6;338;1440;1.7;0.2;0.6;0;1.8;0.2;0.53;;0.15;0;0
grains and grain-based products;Oatcakes, plain, retail;AM;4.1;1.6;9.3;20;62.8;453;1904;3.2;0;1;0;4.9;0;2.52;;0.1;0;0
grains and grain-based products;Papadums, takeaway;AF;3.9;1.84;11.5;38.8;28.3;501;2084;0;0;0;0;1.9;0;3.7;;0.05;0;0
grains and grain-based products;Pasta and sauce mixes, dried, raw;AD;6.4;2.25;12.8;4.9;70;358;1519;8.1;0.4;1.2;1.7;3;0.2;0.81;;0.08;0;0
grains and grain-based products;Pasta shapes, coloured, flavoured, dried, raw;AD;9.7;1.94;11;1.6;75.4;341;1453;2.3;0.2;0.3;0;0;0;0.3;;0.12;0;0
grains and grain-based products;Pasta, egg, fresh, filled with cheese and tomato, boiled in unsalted water;AD;53.3;1.37;8.7;5.9;28.1;193;816;0.2;0;0;0;29.1;0.3;0.91;;0.02;0;0
grains and grain-based products;Pasta, egg, fresh, filled with cheese only, boiled in unsalted water;AD;52;1.64;10.5;6.7;30.2;216;910;2.2;0;0;0.8;33.1;0.3;0.91;;0.02;0;0
grains and grain-based products;Pasta, egg, fresh, filled with green vegetables/herbs and cheese, boiled in unsalted water;AD;56.2;1.37;8.7;5.8;28.7;195;822;0.1;0;0;0;33;0.2;1.03;;0.02;0;0
grains and grain-based products;Pasta, egg, fresh, filled with meat, boiled in unsalted water;AD;52.4;1.61;10.1;4.7;31.3;200;846;1;0;0;0.3;30.6;0.3;0.62;;0.12;0;0
grains and grain-based products;Pasta, egg, fresh, filled with mushrooms, boiled in unsalted water;AD;58.9;1.27;8.1;4.3;27.1;173;730;0.7;0;0;0.7;21.2;0;;;0.03;0;0
grains and grain-based products;Pasta, egg, fresh, raw;AD;27.1;1.86;10.6;2.9;57;282;1200;2.1;0.3;0;0;15.2;0.3;0.52;;0.01;0;0
grains and grain-based products;Pasta, egg, white, dried, raw;AD;8.2;2.27;12.9;3.6;74.8;365;1550;2.1;0.2;0.2;0;20.1;0.3;0.53;;0.12;0;0
grains and grain-based products;Pasta, egg, white, tagliatelle, fresh, boiled in unsalted water;AD;64;1.01;5.8;1.6;30.6;152;647;0;0;0;0;;0.1;0.26;;0.01;0;0
grains and grain-based products;Pasta, spaghetti, canned, in tomato sauce;AD;80.5;0.37;2.1;0.3;16.2;72;306;5.5;1.3;2.4;0;0;0;0.29;;0.06;0;0
grains and grain-based products;Pasta, white,  twists, fusilli, dried, boiled in unsalted water;AD;58.3;0.85;4.8;0.4;32.9;146;623;0.6;0;0;0;0;0;0.08;;0.02;0;0
grains and grain-based products;Pasta, white, spaghetti, dried, boiled in unsalted water;AD;64.9;0.78;4.4;0.6;31.5;141;601;1;0;0;0;0;0;0.11;0.05;0.01;0;0
grains and grain-based products;Pasta, white, twists, fusilli, dried, boiled in salted water;AD;60;0.88;5;0.7;32.9;150;637;0.6;0;0;0;0;0;0.08;;0.02;0;0
grains and grain-based products;Pasta, wholewheat, spaghetti, dried, boiled in unsalted water;AD;63.7;0.9;5.2;1.1;27.5;134;569;0;0;0;0;0;0;0.25;;0.02;0;0
grains and grain-based products;Pasta, wholewheat, spaghetti, dried, raw;AD;9.5;2.15;12.6;2.5;68.3;329;1400;3.9;0.4;0.5;0;0;0;0.6;;0.31;0;0
grains and grain-based products;Pastries, chocolate eclairs, cream filled, retail;AP;34.5;0.97;6.1;28.5;28.2;387;1609;24;2.7;18.4;2.9;136.2;0.3;1.25;;0.03;0.3;0
grains and grain-based products;Pastries, cream filled, retail;AP;29.8;0.57;3.3;27.4;41.4;415;1731;27.3;2.7;20.8;1.2;52.3;0;1.66;;0.03;0.2;1
grains and grain-based products;Pastries, Danish, retail;AP;20;0.85;4.9;29.2;43.6;446;1861;17.3;3.3;9.6;0;19.4;0;3.98;;0.04;0.1;0
grains and grain-based products;Pastry, flaky/puff, retail, uncooked;AO;31.7;0.93;5.3;26.2;33.7;384;1600;1.5;0;0;0;2.1;0;1.99;;0.04;0;1
grains and grain-based products;Pastry, shortcrust, retail, uncooked;AO;21.8;1;5.7;31.4;39.4;453;1889;0.9;0.3;0;0;2;0;3.26;;0.04;0;1
grains and grain-based products;Pie, fruit, individual, retail;AS;23.5;0.55;3.1;13.7;60;361;1520;31;8.3;17.1;0.7;0;0;2.17;;0.03;0;8
grains and grain-based products;Pizza, ham and pineapple, retail;AE;43.3;2.16;13.5;8.6;34.4;260;1098;3.1;0.7;0;0.2;;;;;0.05;0.5;0
grains and grain-based products;Prawn crackers, takeaway;AT;2.8;0.05;0.3;39;58.2;570;2379;2.2;0;1.9;0;0.3;0;5.77;;0.43;0;0
grains and grain-based products;Pudding, Christmas, retail;AS;29.1;0.53;3;6.9;56.3;285;1207;46.2;20.3;3.5;0.1;36;;;;0.07;0;0
grains and grain-based products;Rice, egg fried, takeaway;AC;57.5;0.68;4.3;4.9;33.3;186;787;0;0;0;0;18.7;0.3;0.88;;0.06;0.4;0
grains and grain-based products;Rice, savoury, including chicken, beef, mushroom and vegetable varieties, dried, cooked;AC;59;0.62;3.7;1.4;34;155;659;3.2;0.5;1.4;0.8;0.2;0;0.45;;0.12;0;1
grains and grain-based products;Rice, savoury, including chicken, beef, mushroom and vegetable varieties, dried, uncooked;AC;6.2;1.35;8;2.7;83.3;369;1569;6.7;0.9;3.3;1.4;0.6;0;1.23;;0.22;0;5
grains and grain-based products;Rice, white, long grain, boiled in unsalted water;AC;68.2;0.47;2.8;0.4;31.1;131;560;0;0;0;0;0;0;0.01;;0.03;0;0
grains and grain-based products;Rice, white, long grain, easy cook, boiled in unsalted water;AC;67;0.51;3;0.4;34.7;146;621;0;0;0;0;0;0;0.01;;0.03;0;0
grains and grain-based products;Rice, white, long grain, easy cook, raw;AC;11.5;1.18;7;1.1;82.3;347;1477;0;0;0;0;0;0;0.04;;0.18;0;0
grains and grain-based products;Rice, white, long grain, raw;AC;11.3;1.12;6.7;1;85.1;355;1513;0.2;0;0.2;0;0;0;0.03;;0.12;0;0
grains and grain-based products;Scones, fruit, retail;AP;24.5;1.1;6.5;11.2;56.2;338;1424;18.9;3;9.9;2.8;5.8;0;0.11;;0.05;0;0
grains and grain-based products;Scones, plain, retail;AN;23.2;1.25;7.2;12.3;55.2;346;1459;12.7;0.9;10.4;1.5;35.4;0;0.92;;0.06;0.1;1
grains and grain-based products;Shortbread;AM;3.5;0.94;5.3;29;62.2;515;2158;15.6;0;15.6;0;81.9;0.4;1.3;;0.08;0;0
grains and grain-based products;Shortcake, caramel, chocolate covered, retail;AN;8.5;0.83;4.7;27.3;53.6;466;1948;36.2;1.8;27.8;1.6;23;0;2.25;;0.05;0.2;0
grains and grain-based products;Stuffing mix, dried;AT;5.9;1.58;9.9;5.2;67.2;338;1436;4.4;0.8;2;0;5;0;;;;0;0
grains and grain-based products;Tarts, bakewell, iced, retail;AS;14.9;0.55;3.1;16.8;65.9;411;1729;45.2;3.5;35.5;0;3.6;0;2.03;;0.03;0.1;1
grains and grain-based products;Wafers, plain ice cream wafers, not filled;AM;5.7;1.84;10.5;3;79.7;368;1565;3.5;0;3.5;0;4.1;0;0.42;;0.04;0;0
milk and dairy products;Milk, 1% fat, pasteurised;BA;90.1;0.55;3.5;1;4.8;41;173;4.8;0;0;4.8;4.8;0;0.02;;0.06;0.9;2
milk and dairy products;Milk, Channel Islands, whole, pasteurised;BAB;86.6;0.56;3.5;4.7;4.3;72;302;4.3;0;0;4.3;15.9;0.1;0.17;0.87;0.03;0.8;1
milk and dairy products;Milk, skimmed, pasteurised, average;BAE;90.8;0.55;3.5;0.3;4.8;34;144;4.8;0;0;4.8;3.7;0;0;0.02;0.06;0.8;1
milk and dairy products;Milk, semi-skimmed, pasteurised, average;BAH;89.4;0.54;3.5;1.7;4.7;46;195;4.7;0;0;4.7;5.9;0;0.04;;0.06;0.9;2
milk and dairy products;Milk, semi-skimmed, pasteurised, summer and autumn;BAH;89.5;0.55;3.5;1.7;4.5;46;194;4.5;0;0;4.5;6;0;0.05;;0.06;0.8;2
milk and dairy products;Milk, whole, pasteurised, average;BAK;87.6;0.53;3.4;3.6;4.6;63;265;4.6;0;0;4.6;12;0;0.06;0.6;0.06;0.9;2
milk and dairy products;Milk, whole, pasteurised, summer and autumn;BAK;87.7;0.54;3.4;3.6;4.1;61;257;4.1;0;0;4.1;12;0;0.08;;0.06;0.9;2
milk and dairy products;Coffeemate, whitener powder;BAR;3;0.33;2.1;34.5;57.3;534;2202;9.4;5;0;0;2;0;;6;0;0;0
milk and dairy products;Milk, condensed, whole, sweetened;BAR;29.1;1.16;   7,4;8;55.5;310;1310;55.5;0;43.2;12.3;29;0;0.19;0.36;0.07;0.7;4
milk and dairy products;Milk, evaporated, light;BAR;75.9;1.22;7.8;4.1;10.3;107;449;10.3;0;0;10.3;16.9;3.1;0.11;;0.04;0.2;1
milk and dairy products;Milk, evaporated, whole;BAR;69.1;1.32;8.4;9.4;  12,7;166;694;  12,7;0;0;12.7;34;2.7;0.19;0.5;0.07;0.1;1
milk and dairy products;Milk, flavoured, pasteurised, chocolate;BAR;82.8;0.56;3.6;1.5;  11,7;72;305;  11,0;0;2.8;5.5;7;0;0.03;;0.03;0.1;0
milk and dairy products;Milk, flavoured, pasteurised, strawberry, banana;BAR;83.9;0.57;3.6;1.5;9.6;64;270;8.9;0;3.9;4.9;7;0;0.03;;0.03;0.1;0
milk and dairy products;Milk, skimmed, dried, fortified;BAR;3;5.7;36.1;0.6;52.9;348;1482;52.9;0;0;52.9;12;1.5;0.01;;0.6;2.6;13
milk and dairy products;Milkshake, thick, takeaway;BAR;73.2;0.58;3.7;1.8;15.3;88;374;11.1;0.3;1.4;4.5;10.9;0;0.1;;0.03;0.5;1
milk and dairy products;Milk, goats, pasteurised;BC;88.9;0.49;3.1;3.7;4.4;62;260;4.4;0;0;4.4;11;0.1;0.03;0.53;0.06;0.1;1
milk and dairy products;Milk, human, colostrum;BC;88.2;0.31;2;2.6;6.6;56;236;6.6;0;0;6.6;31;;1.3;;0;0.1;7
milk and dairy products;Milk, human, mature;BC;87.1;0.31;1.3;4.1;7.2;69;289;7.2;0;0;7.2;16;;0.34;;0.01;0;4
milk and dairy products;Milk, human, transitional;BC;87.4;0.23;1.5;3.7;6.9;67;281;6.9;0;0;6.9;24;;0.48;;0;0;6
milk and dairy products;Milk, sheeps, raw;BC;83;0.85;5.4;5.8;5.1;93;388;5.1;0;0;5.1;12;0.2;0.11;;0.08;0.6;5
milk and dairy products;Milk, soya, non-dairy alternative to milk, sweetened, fortified;BC;90.1;0.55;3.1;2.4;2.5;43;182;2.2;0.3;0.7;0;0;0.8;0.32;0.69;0.03;0.4;1
milk and dairy products;Milk, soya, non-dairy alternative to milk, unsweetened, fortified;BC;93;0.42;2.4;1.6;0.5;26;108;0.2;0;0.2;0;0;0.8;0.32;1.71;0.03;0.4;0
milk and dairy products;Cocoa powder;BH;3.4;3.7;18.5;21.7;11.5;312;1301;0;0;0;0;0;0;0.68;1.5;0.07;0;0
milk and dairy products;Milk drink, fermented, with probiotics;BH;83;0.47;3;1.2;12.7;70;299;12.3;;;;;;;;;;
milk and dairy products;Cream, dairy, extra thick (24% fat);BJC;69;0.45;2.9;23.5;3.4;236;973;3.4;0;0;3.4;73.8;0.3;0.8;;0.03;0.4;1
milk and dairy products;Cream, fresh, clotted;BJC;32.2;0.25;1.6;63.5;2.3;586;2413;2.3;0;0;2.3;170;0.3;1.48;;0.03;0.1;0
milk and dairy products;Cream, fresh, double, including Jersey cream;BJC;46.9;0.25;1.6;53.7;1.7;496;2041;1.7;0;0;1.7;137.1;0.3;1.64;6.4;0.01;0.6;1
milk and dairy products;Cream, fresh, single;BJC;77;0.52;3.3;19.1;2.2;193;798;2.2;0;0;2.2;55;0.3;0.47;;0.03;0.4;1
milk and dairy products;Cream, fresh, whipping;BJC;54.5;0.31;2;40.3;2.7;381;1568;2.7;0;0;2.7;105;0.3;1.32;;0.04;0.2;1
milk and dairy products;Cream, half, fresh;BJC;78.9;0.47;3;13.3;4.3;148;613;4.3;0;0;4.3;40;0.1;0.29;;0.05;0.3;1
milk and dairy products;Creme fraiche, full fat;BJC;55.8;0.34;2.2;40;2.4;378;1556;2.1;0;0;2.1;112.8;0.3;0.72;;0.01;0.2;
milk and dairy products;Creme fraiche, half fat;BJC;76.5;0.42;2.7;15;4.4;162;671;3;0;0;3;;0;0.42;;0.01;0.2;
milk and dairy products;Cream substitute, double;BJS;55.8;0.41;2.6;35.7;3.6;345;1423;3.6;0;0;3.6;11;0;1.33;;;;
milk and dairy products;Cream substitute, single;BJS;76.8;0.49;3.1;14.5;4;158;654;4;0;0;4;4;0;0.84;;;;
milk and dairy products;Cheese spread, plain;BL;58.1;1.77;11.3;18.6;   6,5;237;984;   6,5;0;0;6.5;54.7;0.2;0.24;;0.08;0.6;0
milk and dairy products;Cheese spread, plain, reduced fat;BL;61.4;2.35;15;7.2;7.9;154;648;7.3;0;0;7.3;;;0.4;;0.07;2;0
milk and dairy products;Cheese, cottage, plain;BL;83.5;1.47;9.4;6;3.1;103;431;3.1;0;0;3.1;22;0;0.14;;0.05;0.6;0
milk and dairy products;Cheese, cottage, plain, reduced fat;BL;84.1;1.66;10.6;1.5;3.3;68;289;3.3;0;0;3.3;5;0;0.03;;0.05;0.6;0
milk and dairy products;Cheese, goats milk, full fat, soft, white rind;BL;50.8;3.3;21.1;25.8;1;320;1329;1;0;0;0.9;93;0.5;0.63;;0.1;0.5;0
milk and dairy products;Cheese, hard, average;BL;37.3;3.91;24.9;34.5;0.1;411;1702;0.1;0;0;0.1;99;0.3;0.51;1.57;0.12;1.6;0
milk and dairy products;Cheese, processed, plain;BL;47.4;2.79;17.8;23;5;297;1234;5;0;0;5;85;;0.55;1.6;0.07;1.2;0
milk and dairy products;Cheese, processed, slices, reduced fat;BL;61.9;2.62;16.7;9.6;9.7;190;794;7.6;0;0;7.6;35;;0.39;;0.06;1;0
milk and dairy products;Cheese, processed, smoked;BL;47.4;3.22;20.5;24.5;0.2;303;1258;0.2;0;0;0.2;80;0.2;0.22;;0.07;0.9;0
milk and dairy products;Cheese, spreadable, full fat, soft, white;BL;66.3;0.83;5.3;24.4;3;252;1041;3;0;0;3;72;0.1;0.19;4.7;0.01;0.3;0
milk and dairy products;Cheese, spreadable, medium fat, soft, white;BL;74.4;1.54;9.8;11.2;3.5;153;637;3.5;0;0;3.5;33;0.1;0.08;;0.01;0.4;0
milk and dairy products;Cheese, spreadable, soft white, low fat;BL;78.4;1.87;11.9;3.6;5;99;416;5;0;0;5;10.6;;;;0.02;0.5;0
milk and dairy products;Cheese, white, average;BL;41.1;3.72;23.7;31.8;0.1;381;1580;0.1;0;0;0.1;90;0.2;0.62;;0.08;1.6;0
milk and dairy products;Fromage frais, virtually fat free, fruit;BN;86.7;1.07;6.8;0.2;5.6;50;213;4.9;0.7;0.2;2.9;1;0;0;;0.07;1.4;0
milk and dairy products;Fromage frais, virtually fat free, natural;BN;87.2;1.2;7.7;0.1;4.6;49;208;4.4;0.2;0;4.1;1;0;0;;0.01;1;0
milk and dairy products;Lassi, sweetened;BN;83.3;0.41;2.6;0.9;12.3;65;274;11.9;0.1;2.3;8.6;;0;;;;;
milk and dairy products;Yogurt, Greek style, fruit;BN;73.5;0.76;4.8;8.4;11.2;137;572;10.5;0;3.8;4;13.8;0.1;0.39;;0;0;0
milk and dairy products;Yogurt, Greek style, plain;BN;78.2;0.9;5.7;10.2;4.8;133;551;4.5;0.1;0;3.5;16.7;0.1;0.38;;0.01;0.2;0
milk and dairy products;Yogurt, low fat, fruit;BN;78.9;0.66;4.2;1.1;13.7;78;331;12.7;0;6.1;4.4;6;0;0.28;0.03;0;0.3;1
milk and dairy products;Yogurt, low fat, plain;BN;87.2;0.75;4.8;1;7.8;57;243;7.5;0;0;4.6;1.3;0.1;0;0.03;0.01;0.3;1
milk and dairy products;Yogurt, soya, non-dairy alternative to yogurt, fruit, fortified;BN;82.7;0.58;   3,3;2;11;72;306;10.7;2.3;6.7;0;0;0.8;;;0;0.4;
milk and dairy products;Yogurt, virtually fat free/diet, fruit;BN;85.4;0.75;4.8;0.2;10.1;59;250;9.4;1.3;2.1;4.4;;0;0.03;;0;0.3;1
milk and dairy products;Yogurt, virtually fat free/diet, plain;BN;86.9;0.84;5.4;0.2;8.2;54;230;7.9;1.6;0.1;4.6;;0;0;;0.01;0.3;1
milk and dairy products;Yogurt, whole milk, fruit;BN;76;0.63;4;3;17.7;109;463;16.6;3.3;6.2;4;3.4;0.1;0.18;;0.01;0.3;1
milk and dairy products;Yogurt, whole milk, twin pot, not fruit;BN;68.4;0.66;   4,2;5.6;  21,5;148;623;  18,2;;;;;;;;;;
milk and dairy products;Yogurt, whole milk, plain;BNE;81.9;0.89;5.7;3;7.8;79;333;7.8;0;0;4.7;11;0;0.05;;0.1;0.2;1
milk and dairy products;Yogurt, low fat, hazelnut;BNH;77.4;0.7;4.4;1.5;16;91;387;14.9;0;7.9;5.1;1.6;0.1;0.28;;0.01;0.3;1
milk and dairy products;Yogurt, low fat, toffee;BNH;76;0.6;3.8;0.9;18;91;386;16.8;0;10.4;5.6;1.3;0.1;0;;0.01;0.3;1
milk and dairy products;Fromage frais, fruit, children's, fortified;BNS;77.9;0.91;   5,8;2.9;  13,2;99;417;  11,8;;;;;;0.15;;0;0.5;0
milk and dairy products;Cornetto type ice cream cone;BP;41.9;0.56;3.5;14.4;39.6;292;1225;27.9;2;19.1;3.3;5.7;;0.06;;0.03;0.7;
milk and dairy products;Ice cream bars/choc ices, chocolate coated, luxury;BP;40.4;0.6;3.9;21.1;34.9;336;1405;32.9;1.4;23.9;6.2;19.1;0;0.71;;0.13;0.3;0
milk and dairy products;Ice cream bars/choc ices, non-dairy, with chocolate flavoured coating;BP;44.4;0.51;3.2;21.7;23.2;295;1229;20.5;0.3;13.1;4.7;6.6;0;0.27;;;;
milk and dairy products;Ice cream desserts, frozen;BP;51.4;0.56;3.5;17.6;21;251;1047;19.7;0.5;13.8;4.1;4;0.3;0;;0.06;0.4;0
milk and dairy products;Ice cream, dairy, luxury, with chocolate/caramel;BP;48.4;0.66;4.2;13.9;32.2;262;1100;28.4;1.2;22.2;3.8;58.4;0;0.49;;0;0.2;1
milk and dairy products;Ice cream, dairy, vanilla, soft scoop;BP;64.9;0.51;3.2;8.2;22;169;711;22;2.7;11.9;5.1;29.4;0.5;0.49;;0.04;0.5;1
milk and dairy products;Ice cream, non dairy, vanilla, soft scoop;BP;65.6;0.41;2.6;7.7;29.8;192;807;23.5;5;11.4;5.3;13.3;0;0.6;0.8;0;0.7;1
milk and dairy products;Ice cream, virtually fat free alternative;BP;64.1;0.69;4.4;0.8;20.6;102;434;19;1.9;10.4;5.5;;0;;;0.02;0.5;
milk and dairy products;Lollies, containing ice-cream;BP;75.2;0.19;1.4;3.8;20.9;118;499;20.9;2.9;12.6;5;4.1;0.5;0.51;;0.04;0.2;0
milk and dairy products;Lollies, with real fruit juice;BP;77.8;0.02;0.1;0.3;18.6;73;310;17.8;1;15.9;0;;0;0;;0;0;7
milk and dairy products;Sorbet, fruit;BP;68.9;0.03;0.2;0.3;24.8;97;411;23.3;3.6;17.2;0;0;0;0;;0;0;12
milk and dairy products;Cheesecake, fruit, frozen;BR;43.6;0.64;4;16.2;35.2;294;1231;25;1.8;19.4;1.3;92;0.2;1.19;;0.02;0.5;6
milk and dairy products;Cheesecake, fruit, individual;BR;46.6;0.97;6.1;12.3;34.5;264;1111;25.4;2.3;18.1;2.6;14.7;;1.29;;0.04;0;0
milk and dairy products;Creme caramel, retail;BR;72;0.47;3;1.6;20.6;104;440;18;2.3;10.3;3.5;;0.1;0.03;;0.03;0.3;0
milk and dairy products;Custard, ready to eat, canned and tetra-pak;BR;77.5;0.43;2.7;2.9;16.3;98;414;12.8;0;8.2;4.6;2.1;0;0.29;;0.01;0.2;0
milk and dairy products;Desserts, dairy, chocolate;BR;58.8;0.68;4.3;10.7;26.7;214;896;24;0.4;17.3;5.4;21.1;0;0.52;;0.03;0.6;0
milk and dairy products;Mousse, chocolate, low fat;BR;69;0.86;5.5;3.7;18;123;518;15.8;0;3.8;5.7;0.7;0;0.79;;0.01;0;0
milk and dairy products;Mousse, fruit;BR;71.7;0.71;4.5;6.4;18;143;601;18;3.1;7.6;3.7;;0.1;0.39;;0.05;0.2;0
milk and dairy products;Pavlova, toffee/chocolate, no fruit;BR;26;0.61;3.8;19.7;47.4;370;1551;45.3;2.1;40.1;1.1;45;0;1;;0;0;0
milk and dairy products;Pavlova, with fruit and cream;BR;44.9;0.43;2.7;8.3;42.2;244;1028;41;2.5;35.9;0.9;19;;0.21;;0;0;5
milk and dairy products;Pie, banoffee;BR;41.4;0.61;3.8;20;32.9;319;1331;20.9;1.4;15;2.4;;;1.11;;0;0.3;
milk and dairy products;Profiteroles with sauce, frozen;BR;39.6;0.88;5.5;25.7;24.6;346;1438;17;1.8;11.7;1.5;;0.3;1.18;;0.02;0.3;0
milk and dairy products;Pudding, rice, canned;BR;79.2;0.53;3.3;1.3;16.1;85;362;8.7;0;4.9;3.9;9;0;0.16;;0.01;0;0
milk and dairy products;Pudding, rice, canned, low fat;BR;79.6;0.56;3.5;0.8;16;81;345;8.7;0;4.9;3.9;;0;0.1;;0.01;0;0
milk and dairy products;Tarts, custard, individual;BR;49.5;1.07;6.7;14.3;28.7;263;1102;14.2;0.9;11.2;0;90.6;0;1.27;;0.03;0;0
milk and dairy products;Tiramisu;BR;51.2;0.66;4.2;14;27.1;244;1021;21.1;2.3;13.5;1.5;45;;0.61;;0.03;0.4;0
milk and dairy products;Torte, fruit;BR;53;0.6;3.8;15.5;27.7;258;1080;17.4;1.3;13;1.8;42;0;1.43;;0.02;0;0
milk and dairy products;Trifle, fruit, retail;BR;67.9;0.41;2.6;9;19.5;164;689;15.3;1.8;6.2;2.7;12.8;;0.66;;0.01;0.2;0
milk and dairy products;Baking fat and margarine (75-90% fat), hard block;BTM;22.2;0;0;76.4;0;688;2827;0;0;0;0;15;8.8;12.2;;0;0;0
milk and dairy products;Cooking fat, compound, not polyunsaturated;BTM;0.2;0;0;100;0;900;3700;0;0;0;0;8;0;0;13.8;0;0;0
milk and dairy products;Ghee made from vegetable oil;BTM;0;0.02;0.1;100;0;900;3702;0;0;0;0;0;0;8.7;;0;0;0
milk and dairy products;Sauce, cheese, packet mix, dry;BV;3.9;3.08;19.3;28.4;40.9;486;2033;5.6;0;0.3;5.3;;0.5;;;0.26;1.3;0
eggs and egg products;Eggs, chicken, white, boiled;CA;85.8;2.08;13;0;0;52;221;0;0;0;0;0;0;0;;0.03;0.5;0
eggs and egg products;Eggs, chicken, white, dried;CA;4;13.06;81.7;0;0;327;1389;0;0;0;0;0;0;0;;0.3;2.5;0
eggs and egg products;Eggs, chicken, whole, boiled;CA;75.4;2.26;14.1;9.6;0;143;595;0;0;0;0;360;3.2;1.63;0;0.1;2;0
eggs and egg products;Eggs, chicken, whole, dried;CA;4;7.8;48.6;34.7;0;507;2110;0;0;0;0;1351;12.2;4.98;0;0.5;10.4;0
eggs and egg products;Eggs, chicken, whole, poached;CA;75.3;2.13;13.3;10.6;0;149;618;0;0;0;0;423;2.9;1.82;0;0.11;1.8;0
eggs and egg products;Eggs, chicken, whole, scrambled, without milk;CA;73.2;2.34;14.6;10.4;0;152;633;0;0;0;0;406.1;3.7;1.5;;0.13;3.1;0
eggs and egg products;Eggs, chicken, yolk, boiled;CA;47.2;2.67;16.7;32.6;0;360;1490;0;0;0;0;1175;12.6;4.78;0;0.31;7.2;0
eggs and egg products;Eggs, duck, boiled and salted;CA;62;2.34;14.6;15.5;0;198;822;0;0;0;0;890;;;;;3.5;0
eggs and egg products;Eggs, chicken, scrambled, with semi-skimmed milk;CD;65.1;1.76;11;21.2;0.7;237;981;0.7;0;0;0.7;324.8;2.8;1.38;;0.1;2.4;0
eggs and egg products;Omelette, cheese, homemade;CD;58;2.51;15.9;22.7;0;268;1113;0;0;0;0;232.4;1.9;3.71;;0.12;2.3;0
eggs and egg products;Omelette, plain, homemade;CD;69.1;1.75;10.9;16.4;0;191;793;0;0;0;0;303;2.8;5.38;;0.1;2.3;0
eggs and egg products;Omelette, Spanish, homemade;CD;78.2;0.9;5.6;7.6;5.9;112;470;3.2;1.1;1;0;120;1.1;1.8;;0.13;0.9;29
eggs and egg products;Quiche, cheese and egg, homemade;CD;48.7;2.01;12.5;22.3;14.6;305;1270;1.6;0.1;0;1.3;116;0.9;1.55;;0.08;1.5;1
eggs and egg products;Quiche, Lorraine, shortcrust pastry, retail;CD;52.5;1.45;9.1;17.6;19.7;269;1121;3.2;0.4;0.3;1.5;79.6;;2.08;;0.04;0.5;0
eggs and egg products;Quiche, mushroom, homemade;CD;51.9;1.65;9.9;20;15.5;278;1157;1.3;0.1;0;0.9;84.2;0.6;1.54;;0.07;1.1;1
eggs and egg products;Quiche, vegetable, retail;CD;49.9;1.3;8.1;19.7;21.2;289;1205;3.5;0.6;0.2;1.8;82.6;0;0.62;;0.06;0.2;0
eggs and egg products;Souffle, cheese, homemade;CD;59.5;1.84;11.6;16.8;10.8;237;989;2.3;0;0;2.1;143.7;;;;0.08;1.8;1
eggs and egg products;Souffle, plain, homemade;CD;69;1.25;7.7;11.9;10.5;177;738;2.5;0;0;2.4;143.5;;;;0.08;1.5;1
eggs and egg products;Egg fu yung;CDE;63.5;1.72;10.2;19.3;2.5;229;949;1.9;0.6;0.7;0;201.3;1.8;4.96;;0.13;1.6;2
eggs and egg products;Omelette, curried, homemade;CDE;47.6;1.34;8.4;36;3.5;370;1529;1.4;0.5;0.4;0.2;282.7;2.2;1.49;;0.09;1.7;0
vegetables and vegetable products;Onions, fried in butter;D;79.9;0.19;1.2;5.3;11.2;95;396;8.6;3.2;2.9;0;26;;;;0.1;0;3
vegetables and vegetable products;Potatoes, new and salad, flesh only, raw;DAE;81.7;0.28;1.7;0.1;16.1;68;290;1.3;0.3;0.7;0;0;0;0.06;;0.16;0;7
vegetables and vegetable products;Potatoes, old, raw, flesh only;DAM;78.1;0.31;1.9;0.1;19.6;82;349;0.9;0.5;0;0;0;0;0.01;0.94;0.14;0;14
vegetables and vegetable products;Potato powder, instant, raw;DAR;7.3;1.34;8.4;0.6;74.9;320;1363;4.1;0.5;0;3.1;0;0;0.25;;0.84;0;130
vegetables and vegetable products;Beans, aduki, whole, dried, raw;DB;12.7;3.18;19.9;0.5;50.1;272;1158;1;0.1;0.7;0;0;0;;;;0;0
vegetables and vegetable products;Beans, balor, ends trimmed, raw;DB;88.4;0.44;2.7;0.1;3;23;98;2.4;;;0;0;0;;;;0;
vegetables and vegetable products;Beans, blackeye, whole, dried, raw;DB;10.7;3.76;23.5;1.6;54.1;311;1324;2.9;0.2;2.5;0;0;0;;;0.36;0;1
vegetables and vegetable products;Beans, broad, dried, raw;DB;11;4.17;26.1;2.1;32.5;245;1041;5.9;0.6;3.8;0;0;0;;;0.37;0;0
vegetables and vegetable products;Beans, broad, whole, raw;DB;80.3;0.92;5.7;1;7.2;59;247;1.3;0.1;0.9;0;0;0;0.46;;0.06;0;32
vegetables and vegetable products;Beans, butter, dried, raw;DB;11.6;3.06;19.1;1.7;52.9;290;1234;3.6;0;3.6;0;0;0;1.13;;0.51;0;0
vegetables and vegetable products;Beans, chick peas, Kabuli, split, dried, raw;DB;12.2;3.63;22.7;5.4;49.6;325;1379;2.6;0;2.4;0;0;0;2.88;;0.53;0;0
vegetables and vegetable products;Beans, chick peas, Kabuli, whole, dried, raw;DB;10;3.42;21.3;5.4;49.6;320;1355;2.6;0;2.4;0;0;0;2.88;8.92;0.53;0;0
vegetables and vegetable products;Beans, cluster, raw;DB;87;0.42;2.6;0.1;3;23;96;2.9;;;0;0;0;;;;0;
vegetables and vegetable products;Beans, green, raw;DB;91.3;0.33;2.1;0.4;3.1;24;102;2.2;0.8;0;0;0;0;0.44;39;0.06;0;8
vegetables and vegetable products;Beans, haricot, whole, dried, raw;DB;11.3;3.42;21.4;1.6;49.7;286;1218;2.8;0.2;2.5;0;0;0;0.21;;0.56;0;0
vegetables and vegetable products;Beans, mung, dahl, dried, raw;DB;11;4.29;26.8;1.1;46.3;291;1237;1.5;0.2;1;0;0;0;;;0.38;0;0
vegetables and vegetable products;Beans, mung, whole, dried, raw;DB;11;3.8;23.9;1.1;46.3;279;1188;1.5;0.2;1;0;0;0;;;0.38;0;0
vegetables and vegetable products;Beans, papri, raw;DB;82.6;0.87;5.4;0.3;4.2;40;170;1.8;;;0;0;0;;;;0;
vegetables and vegetable products;Beans, pigeon peas, dahl, dried, raw;DB;10;3.48;21.8;1.9;58.6;324;1379;1.7;0.1;1.4;0;0;0;;;;0;0
vegetables and vegetable products;Beans, pigeon peas, whole, dried, raw;DB;10;3.2;20;1.9;58.6;317;1348;1.7;0.1;1.4;0;0;0;;;;0;0
vegetables and vegetable products;Beans, pinto, dried, raw;DB;10.6;3.38;21.1;1.6;57.1;327;1389;;;;0;0;0;;;0.45;0;7
vegetables and vegetable products;Beans, red kidney, dried, raw;DB;11.2;3.54;22.1;1.4;44.1;266;1133;2.5;0.2;2.2;0;0;0;0.52;;0.4;0;4
vegetables and vegetable products;Beans, runner, raw;DB;91.2;0.26;1.6;0.4;3.2;22;93;2.8;0.9;0.6;0;0;0;0.23;26;0.08;0;18
vegetables and vegetable products;Beans, soya, dried, raw;DB;8.5;5.74;35.9;18.6;15.8;370;1551;5.5;0.2;4.8;0;0;0;2.9;;0.38;0;0
vegetables and vegetable products;Beans, sword, raw;DB;87.9;0.41;2.5;0.3;7.2;41;176;;;;0;0;0;;;;0;12
vegetables and vegetable products;Beansprouts, mung, raw;DB;90.4;0.47;2.9;0.5;4;31;131;2.2;1.1;0;0;0;0;;0;0.1;0;7
vegetables and vegetable products;Black gram, chilki urad dahl, split, dried, raw;DB;11.5;4.16;26;1.4;42.5;287;1216;1.3;0.1;1.1;0;0;0;;;;0;0
vegetables and vegetable products;Black gram, duhli urad dahl, split, dried, raw;DB;11.5;4.35;27.2;1.4;44;298;1262;1.3;0.1;1.1;0;0;0;;;;0;0
vegetables and vegetable products;Black gram, urad gram, whole, dried, raw;DB;11.5;3.98;24.9;1.4;40.8;275;1169;1.3;0.1;1.1;0;0;0;;;;0;0
vegetables and vegetable products;Lentils, green and brown, whole, dried, raw;DB;10.8;3.9;24.3;1.9;48.8;297;1264;1.2;0;1.1;0;0;0;;;0.93;0;0
vegetables and vegetable products;Lentils, red, split, dried, raw;DB;11.1;3.8;23.8;1.3;56.3;318;1353;2.4;0;2.2;0;0;0;;;0.6;0;0
vegetables and vegetable products;Peas, dried, raw;DF;13.3;3.45;21.6;2.4;52;303;1288;2.4;0.1;2.2;0;0;0;1.04;;0.13;0;0
vegetables and vegetable products;Peas, frozen, raw;DF;78.9;0.85;5.3;0.7;10.7;68;288;5.7;0;5.7;0;0;0;0.11;;0.12;0;22
vegetables and vegetable products;Peas, mange-tout, raw;DF;88.7;0.58;3.6;0.2;4.2;32;136;3.4;2.6;0.5;0;0;0;0.39;;0.18;0;54
vegetables and vegetable products;Peas, raw;DF;74.6;1.1;6.9;1.5;11.3;83;344;2.3;0.1;2.1;0;0;0;0.21;39;0.12;0;24
vegetables and vegetable products;Peas, split, dried, raw;DF;12.1;3.54;22.1;2.4;58.2;328;1396;1.9;0.1;1.7;0;0;0;1.04;;0.13;0;0
vegetables and vegetable products;Peas, sugar-snap, raw;DF;87.1;0.54;3.4;0.2;5;34;145;3.7;2.4;0.9;0;0;0;;;0.18;0;32
vegetables and vegetable products;Alfalfa sprouts, raw;DG;93.4;0.64;4;0.7;0.4;24;100;0.3;0.1;0;0;0;0;;;0.03;0;2
vegetables and vegetable products;Amaranth leaves, raw;DG;88.9;0.56;3.5;0.3;0.3;18;75;0.2;0;0;0;0;0;;;;0;42
vegetables and vegetable products;Arrowhead, raw;DG;70.6;0.8;5;0.3;21.5;107;448;;;;0;0;0;0;;;0;5
vegetables and vegetable products;Artichoke, globe, raw;DG;85.2;0.45;2.8;0.2;2.7;18;77;1.3;0.8;0.1;0;0;0;0.19;;0.03;0;2
vegetables and vegetable products;Asparagus, raw;DG;91.4;0.47;2.9;0.6;2;25;103;1.9;0.7;0.1;0;0;0;1.16;;0.09;0;12
vegetables and vegetable products;Aubergine, raw;DG;92.9;0.14;0.9;0.4;2.2;15;64;2;1.1;0.1;0;0;0;0.03;6.1;0.08;0;4
vegetables and vegetable products;Beetroot, raw;DG;87.1;0.27;1.7;0.1;7.6;36;154;7;0.2;6.7;0;0;0;0;;0.03;0;5
vegetables and vegetable products;Breadfruit, raw;DG;71.9;0.33;1.3;0.3;23.1;95;403;1.2;;;0;0;0;;;;0;29
vegetables and vegetable products;Broccoli, green, raw;DG;88.2;0.69;4.3;0.6;3.2;34;146;1.9;0.7;0;0;0;0;1.72;185;0.13;0;79
vegetables and vegetable products;Broccoli, purple sprouting, raw;DG;85.7;0.63;3.9;1.1;2.6;35;148;2.1;0.7;0.3;0;0;0;1.3;;0.25;0;110
vegetables and vegetable products;Brussels sprouts, raw;DG;84.3;0.56;3.5;1.4;4.1;42;177;3.1;1.1;0.7;0;0;0;1;153;0.37;0;115
vegetables and vegetable products;Cabbage, average, raw;DG;89.3;0.28;1.8;0.2;4.4;26;108;4.4;2.2;0.3;0;0;0;0.06;151;0.13;0;48
vegetables and vegetable products;Cabbage, Chinese, raw;DG;95.4;0.16;1;0.2;1.4;12;49;1.4;0.8;0;0;0;0;;;0.11;0;21
vegetables and vegetable products;Cabbage, green, raw;DG;88.4;0.38;2.4;0.2;4.1;27;114;4.1;2;0.3;0;0;0;0.08;242;0.14;0;48
vegetables and vegetable products;Cabbage, red, raw;DG;90.7;0.17;1.1;0.3;3.7;21;89;3.3;1.5;0.4;0;0;0;0.2;;0.09;0;55
vegetables and vegetable products;Cabbage, white, raw;DG;90.1;0.19;1.2;0.1;4.8;24;101;4.8;2.4;0.3;0;0;0;0.05;60;0.12;0;47
vegetables and vegetable products;Carrots, old, raw;DG;89;0.07;0.5;0.4;7.7;34;146;7.2;1.1;5;0;0;0;0.09;5.5;0.06;0;2
vegetables and vegetable products;Carrots, young, raw;DG;88.8;0.11;0.7;0.5;6;30;125;5.6;1.7;2.4;0;0;0;0.56;9.2;0.07;0;4
vegetables and vegetable products;Cassava, frozen, raw;DG;64;0.1;0.6;0.2;36.3;140;599;1;0.1;0.7;0;0;0;;;;0;18
vegetables and vegetable products;Cassava, raw;DG;64.5;0.1;0.6;0.2;36.8;142;607;1.5;0.2;1.1;0;0;0;;;;0;31
vegetables and vegetable products;Cauliflower, raw;DG;91.1;0.4;2.5;0.4;4.4;30;128;2.9;1.2;0.4;0;0;0;0.09;31;0.14;0;56
vegetables and vegetable products;Celeriac, raw;DG;88.8;0.2;1.2;0.4;2.3;18;73;1.8;0.3;1.2;0;0;0;;;0.08;0;14
vegetables and vegetable products;Celery, raw;DG;95.1;0.08;0.5;0.2;0.9;7;30;0.9;0.4;0.2;0;0;0;0.2;4.9;0.03;0;8
vegetables and vegetable products;Chard, Swiss, raw;DG;92.7;0.29;1.8;0.2;2.9;19;81;0.6;0.4;0;0;0;0;;;;0;30
vegetables and vegetable products;Chicory, pale variety, raw;DG;94.3;0.09;0.5;0.6;2.8;11;45;0.7;0.3;0;0;0;0;;;0.01;0;5
vegetables and vegetable products;Cho cho, raw;DG;93.7;0.11;0.7;0.1;3.7;17;74;3.1;1.4;0;0;0;0;;;;0;15
vegetables and vegetable products;Courgette, raw;DG;93.7;0.29;1.8;0.4;1.8;18;74;1.7;0.7;0.2;0;0;0;;3.3;0.15;0;21
vegetables and vegetable products;Cucumber, raw, flesh and skin;DG;96.5;0.16;1;0.6;1.2;14;60;1.2;0.5;0;0;0;0;0.04;20.9;0.01;0;2
vegetables and vegetable products;Curly kale, raw;DG;88.4;0.55;3.4;1.6;1.4;33;140;1.3;0.6;0.1;0;0;0;1.7;623;0.26;0;110
vegetables and vegetable products;Drumstick leaves, raw;DG;77.6;1.18;7.4;1.5;9.2;72;301;;;;0;0;0;;;1.2;0;165
vegetables and vegetable products;Drumstick pods, raw;DG;88.2;0.37;2.1;0.2;7.2;37;156;;;;0;0;0;;;0.12;0;160
vegetables and vegetable products;Endive, raw;DG;93.7;0.28;1.8;0.2;1;13;54;1;0.4;0.1;0;0;0;;;0.02;0;12
vegetables and vegetable products;Fennel, Florence, raw;DG;94.2;0.15;0.9;0.2;1.8;12;50;1.7;0.9;0.1;0;0;0;;;0.06;0;5
vegetables and vegetable products;Fenugreek leaves, raw;DG;87.6;0.74;4.6;0.2;4.8;35;146;;;;0;0;0;;;;0;91
vegetables and vegetable products;Garlic, raw;DG;64.3;1.27;7.9;0.6;16.3;98;411;1.6;0.4;0.6;0;0;0;0.01;;0.38;0;17
vegetables and vegetable products;Gherkins, raw;DG;95.5;0.16;1;0.1;1.8;12;49;1.6;0.8;0;0;0;0;;;;0;11
vegetables and vegetable products;Gourd, ash, raw;DG;96.1;0.07;0.5;0.1;2.3;12;51;;;;0;0;0;;;;0;11
vegetables and vegetable products;Gourd, bottle, raw;DG;95.7;0.06;0.4;0.1;2.7;13;56;;;;0;0;0;;;0.04;0;5
vegetables and vegetable products;Gourd, kantola, raw;DG;87.7;0.3;1.9;1;3;28;117;0.9;;;0;0;0;;;;0;295
vegetables and vegetable products;Gourd, karela, raw;DG;93.3;0.26;1.6;0.2;0.8;11;47;0;0;0;0;0;0;;;;0;185
vegetables and vegetable products;Gourd, ridge, raw;DG;94.2;0.12;0.8;0.1;3.3;17;70;3.1;1.5;0;0;0;0;;;;0;3
vegetables and vegetable products;Gourd, snake, raw;DG;92.9;0.08;0.5;0.3;4.1;21;89;;;;0;0;0;;;;0;0
vegetables and vegetable products;Gourd, tinda, raw;DG;93.5;0.22;1.4;0.2;3.6;21;89;2.8;;;0;0;0;;;;0;18
vegetables and vegetable products;Horseradish, raw;DG;74.7;0.72;4.5;0.3;11;62;264;7.3;0.7;6.5;0;0;0;0;;0.15;0;120
vegetables and vegetable products;Jackfruit, raw;DG;73.2;0.21;1.3;0.3;21.4;88;375;20.6;4.5;10.9;0;0;0;;;0.11;0;10
vegetables and vegetable products;Kohl rabi, raw;DG;91.7;0.26;1.6;0.2;3.7;23;95;3.6;1.5;0.8;0;0;0;0;;0.1;0;43
vegetables and vegetable products;Leeks, raw;DG;90.8;0.26;1.6;0.5;2.9;22;93;2.2;0.8;0.5;0;0;0;0.92;10.1;0.48;0;17
vegetables and vegetable products;Lettuce, average, raw;DG;96.1;0.19;1.2;0.1;1.4;11;48;1.4;0.6;0;0;0;0;0.64;129;0.02;0;1
vegetables and vegetable products;Lotus tubers, raw;DG;85.1;0.34;2.1;0.1;11;51;216;5.5;;;0;0;0;;;;0;35
vegetables and vegetable products;Mango, unripe, green flesh, raw;DG;84.3;0.09;0.5;0.2;11.2;46;195;5.6;3.5;0.1;0;0;0;0.29;;;0;90
vegetables and vegetable products;Marrow, parwal, raw;DG;91.9;0.26;1.6;0;2.1;14;61;0.8;;;0;0;0;0;;;0;18
vegetables and vegetable products;Marrow, raw;DG;95.6;0.08;0.5;0.2;2.2;12;51;2.1;0.8;0.2;0;0;0;0;;0.03;0;11
vegetables and vegetable products;Matoki, raw;DG;74.1;0.2;1.2;0.2;22.3;90;385;0.9;0.1;0.7;0;0;0;;;0.37;0;14
vegetables and vegetable products;Mushrooms, Chinese, dried, raw;DG;12.8;2.13;10;1.8;59.9;284;1188;;;;0;0;0;;;0.53;0;0
vegetables and vegetable products;Mushrooms, Jew's ear, tender, dried, raw;DG;13;1.1;6.9;1;62.4;279;1167;;;;0;0;0;;;;0;0
vegetables and vegetable products;Mushrooms, Jew's ear, tender, dried, soaked, raw;DG;92;0.11;0.7;0.7;5.7;29;121;;;;0;0;0;;;;0;0
vegetables and vegetable products;Mushrooms, Jew's ear, tough, dried, raw;DG;7.5;0.77;4.8;2;68.7;325;1360;;;;0;0;0;;;;0;0
vegetables and vegetable products;Mushrooms, Jew's ear, tough, dried, soaked, raw;DG;78.2;0.18;1.1;0.2;15.1;76;318;;;;0;0;0;;;;0;0
vegetables and vegetable products;Mushrooms, oyster, raw;DG;90.1;0.36;1.6;0.2;0;8;35;0;0;0;0;0;0;;;;0;0
vegetables and vegetable products;Mushrooms, shiitake, dried, raw;DG;9.5;2.6;9.6;1;63.9;296;1238;;;;0;0;0;;;;0;0
vegetables and vegetable products;Mushrooms, white, raw;DG;92.9;0.4;1;0.2;0.3;7;29;0.3;0;0;0;0;0;0.01;0.28;0.1;0;1
vegetables and vegetable products;Mustard and cress, raw;DG;95.3;0.26;1.6;0.6;0.4;13;56;0.4;;;0;0;0;0.7;88;0.15;0;33
vegetables and vegetable products;Mustard leaves, raw;DG;91.3;0.41;2.5;0.3;3.6;27;115;0.8;0.4;0;0;0;0;2.01;;;0;71
vegetables and vegetable products;Okra, raw;DG;86.6;0.4;2.8;1;3;31;130;2.5;0.6;0.9;0;0;0;;;0.21;0;21
vegetables and vegetable products;Onions, dried, raw;DG;4.5;1.4;8.8;1.2;70.2;309;1317;54.4;20.2;18.4;0;0;0;2.54;;;0;33
vegetables and vegetable products;Onions, raw;DG;89.1;0.16;1;0.1;8;35;150;6.2;2.3;2.1;0;0;0;0.29;;0.1;0;3
vegetables and vegetable products;Papaya, unripe, green flesh, raw;DG;92.1;0.14;0.9;0.1;5.5;27;113;;;;0;0;0;;;;0;31
vegetables and vegetable products;Parsnip, raw;DG;79.3;0.29;1.8;1.1;12.5;64;271;5.7;0.8;4.3;0;0;0;1;0.05;0.11;0;17
vegetables and vegetable products;Patra leaves, raw;DG;84.9;0.63;4;1.5;2.6;39;165;2.2;;;0;0;0;;;;0;140
vegetables and vegetable products;Pepper, capsicum, red, raw;DG;92.9;0.13;0.8;0.2;4.3;21;89;4.2;2;0;0;0;0;0.95;1.6;0.23;0;126
vegetables and vegetable products;Pepper, capsicum, yellow, raw;DG;92.8;0.13;0.8;0.2;4.6;23;96;4.4;1.8;0;0;0;0;0.64;;0.16;0;121
vegetables and vegetable products;Peppers, capsicum, chilli, green, raw;DG;85.7;0.46;2.9;0.6;0.7;20;83;0.7;0.4;0.1;0;0;0;;;;0;120
vegetables and vegetable products;Peppers, capsicum, chilli, red, raw;DG;86.4;0.29;1.8;0.3;4.2;26;109;4.2;1.9;0;0;0;0;;;0.28;0;225
vegetables and vegetable products;Peppers, capsicum, green, raw;DG;93.3;0.13;0.8;0.3;2.6;15;65;2.4;1;0;0;0;0;0.8;6.4;0.3;0;120
vegetables and vegetable products;Plantain, green flesh, raw;DG;67.5;0.18;1.1;0.3;29.4;117;500;5.7;0.8;4;0;0;0;0.2;;0.3;0;15
vegetables and vegetable products;Pumpkin, flesh only, raw;DG;95;0.12;0.7;0.2;2.2;13;55;1.7;0.7;0.4;0;0;0;1.06;;0.02;0;14
vegetables and vegetable products;Raddiccio, raw;DG;92.9;0.22;1.4;0.2;1.7;14;58;1.7;0.5;0;0;0;0;;;0.08;0;5
vegetables and vegetable products;Radish leaves, raw;DG;89.7;0.57;3.5;0.5;3.5;33;137;;;;0;0;0;;;;0;63
vegetables and vegetable products;Radish, red, raw, flesh and skin;DG;95.4;0.11;0.7;0.2;1.9;12;49;1.9;1.2;0;0;0;0;0;;0.07;0;17
vegetables and vegetable products;Radish, white/mooli, raw;DG;93;0.13;0.8;0.1;2.9;15;64;2.9;1.4;0.2;0;0;0;0;;0.07;0;24
vegetables and vegetable products;Rape leaves, raw;DG;88.2;0.61;3.8;0.3;4.8;37;153;;;;0;0;0;;;;0;55
vegetables and vegetable products;Rocket, raw;DG;93.1;0.57;3.6;0.4;0;18;74;0;0;0;0;0;0;0.22;;0.08;0;20
vegetables and vegetable products;Salsify, flesh only, raw;DG;83.3;0.22;1.3;0.3;10.2;27;113;1.5;0;1.4;0;0;0;;;0.07;0;3
vegetables and vegetable products;Seaweed, Irish moss, raw;DG;81.3;0.24;1.5;0.2;0;8;33;0;0;0;0;0;0;;;;0;
vegetables and vegetable products;Seaweed, kombu, dried, raw;DG;12.7;1.14;7.1;1.6;0;43;180;0;0;0;0;0;0;;;0.01;2.8;13
vegetables and vegetable products;Seaweed, nori, dried, raw;DG;8.7;4.91;30.7;1.5;0;136;577;0;0;0;0;0;0;;;0.07;27.5;14
vegetables and vegetable products;Seaweed, wakame, dried, raw;DG;12.2;1.98;12.4;2.4;0;71;300;0;0;0;0;0;0;;;0.01;2.5;15
vegetables and vegetable products;Shallots, raw;DG;92.8;0.24;1.5;0.2;3.3;20;86;3.3;1.2;1.1;0;0;0;0.31;;0.2;0;13
vegetables and vegetable products;Spinach, baby, raw;DG;93.5;0.42;2.6;0.6;0.2;16;69;0;0;0;0;0;0;0.48;;0.12;0;29
vegetables and vegetable products;Spinach, mature, raw;DG;89.7;0.45;2.8;0.8;1.6;25;103;1.5;0.5;0.5;0;0;0;1.71;394;0.17;0;26
vegetables and vegetable products;Spring greens, raw;DG;86.2;0.48;3;1;3.1;33;136;2.7;1.3;0.2;0;0;0;;;0.23;0;180
vegetables and vegetable products;Spring onions, bulbs and tops, raw;DG;92.2;0.32;2;0.5;3;23;98;2.8;1.2;0.2;0;0;0;;;0.13;0;26
vegetables and vegetable products;Spring onions, bulbs only, raw;DG;86.8;0.15;0.9;0;8.5;35;151;8.5;;;0;0;0;;;0.2;0;25
vegetables and vegetable products;Squash, acorn, raw;DG;87.8;0.13;0.8;0.1;9;40;167;1;0.3;0.1;0;0;0;;;0.15;0;11
vegetables and vegetable products;Squash, butternut, raw;DG;86.4;0.18;1.1;0.1;8.3;36;155;4.5;1.5;1.5;0;0;0;1.83;;0.15;0;21
vegetables and vegetable products;Squash, spaghetti, raw;DG;91.6;0.1;0.6;0.6;4.6;26;111;3.6;1.5;0.8;0;0;0;;;0.1;0;2
vegetables and vegetable products;Swede, flesh only, raw;DG;91.2;0.11;0.7;0.3;5;24;101;4.9;2.7;0.2;0;0;0;0;2;0.21;0;31
vegetables and vegetable products;Sweet potato, raw, flesh only;DG;73.7;0.19;1.2;0.3;21.3;87;372;5.7;0.7;4.4;0;0;0;0.28;;0.09;0;23
vegetables and vegetable products;Sweetcorn, kernels, 'on-the-cob', raw, weighed with core;DG;44.8;0.32;2;1.1;4.8;36;150;1.2;1.1;0;0;0;0;0.19;;0.01;0;5
vegetables and vegetable products;Sweetcorn, kernels, raw;DG;76;0.54;3.4;1.8;8.1;60;254;2;1.9;0;0;0;0;0.33;;0.02;0;8
vegetables and vegetable products;Tannia, raw;DG;70.5;0.2;1.3;0.4;24.5;107;453;0.2;0.1;0;0;0;0;;;;0;16
vegetables and vegetable products;Taro leaves, raw;DG;85.7;0.7;4.4;0.9;2.6;35;150;2.2;;;0;0;0;;;;0;52
vegetables and vegetable products;Taro, raw;DG;68.3;0.22;1.4;0.2;26.2;106;451;1.1;0.2;0.7;0;0;0;;;0.08;0;13
vegetables and vegetable products;Tomatoes, cherry, raw;DG;91.4;0.17;1.1;0.5;3.6;22;94;3.6;1.6;0;0;0;0;0.89;;0.06;0;15
vegetables and vegetable products;Tomatoes, standard, raw;DG;94.6;0.08;0.5;0.1;3;14;61;3;1.4;0;0;0;0;0.52;6;0.06;0;22
vegetables and vegetable products;Turnip, flesh only, raw;DG;91.2;0.14;0.9;0.3;4.7;23;98;4.5;2.3;0.6;0;0;0;0;0.15;0.08;0;17
vegetables and vegetable products;Water chestnuts, raw;DG;79.8;0.22;1.4;0.2;10.4;46;198;4.8;;;0;0;0;;;0.1;0;5
vegetables and vegetable products;Watercress, raw;DG;92.5;0.48;3;1;0.4;22;94;0.4;0.2;0.1;0;0;0;1.46;315;0.23;0;62
vegetables and vegetable products;Yam, flesh only, raw;DG;67.2;0.25;1.5;0.3;28.2;114;488;0.7;0.2;0.4;0;0;0;;;0.16;0;4
fruits and fruit products;Apples, cooking, raw, flesh only, peeled;F;87.7;0.05;0.3;0.3;8.9;37;159;8.9;2;1;0;0;0;0.12;;0.06;0;14
fruits and fruit products;Apples, cooking, raw, flesh only, weighed with skin and core;F;64;0.04;0.2;0.2;6.5;27;116;6.4;1.5;0.7;0;0;0;0.09;;0.04;0;10
fruits and fruit products;Pears, average, raw, flesh only;F;85.2;0.05;0.3;0.1;11.3;44;190;11.3;3.2;1.2;0;0;0;0;3.6;0.04;0;3
fruits and fruit products;Pears, raw, flesh only, peeled, weighed with skin and core;F;59.6;0.04;0.2;0.1;7.9;31;133;7.9;2.3;0.8;0;0;0;0;;0.03;0;2
fruits and fruit products;Apples, eating, raw, flesh and skin;FA;86.2;0.1;0.6;0.5;11.6;51;215;11.6;2.1;2.8;0;0;0;0.09;5.6;0.07;0;6
fruits and fruit products;Apples, eating, raw, flesh and skin, weighed with core;FA;75;0.08;0.5;0.4;10;43;183;10;1.8;2.4;0;0;0;0.08;4.87;0.06;0;5
fruits and fruit products;Apricots, raw, flesh and skin;FA;87.2;0.14;0.9;0.1;7.2;31;134;7.2;1.6;4.6;0;0;0;;;0.08;0;6
fruits and fruit products;Apricots, raw, flesh and skin, weighed with stones;FA;80.2;0.13;0.8;0.1;6.6;29;123;6.6;1.5;4.2;0;0;0;;;0.07;0;5
fruits and fruit products;Bananas, raw, flesh only, weighed with skin;FA;47.3;0.11;0.8;0;12.8;51;217;11.4;5;1.7;0;0;0;0.1;0.04;0.2;0;5
fruits and fruit products;Blackberries, raw;FA;85;0.14;0.9;0.2;5.1;25;104;5.1;2.5;0;0;0;0;2.37;;0.05;0;15
fruits and fruit products;Blackcurrants, raw;FA;77.4;0.15;0.9;0;6.6;28;121;6.6;3;0.3;0;0;0;1;;0.08;0;200
fruits and fruit products;Cherries, flesh and skin, raw;FA;82.8;0.14;0.9;0.1;11.5;48;203;11.5;5.9;0.2;0;0;0;0.13;;0.05;0;11
fruits and fruit products;Cherries, flesh and skin, raw, weighed with stones;FA;68.7;0.12;0.7;0.1;9.5;39;168;9.5;4.9;0.2;0;0;0;0.11;;0.04;0;9
fruits and fruit products;Damsons, flesh and skin, raw;FA;77.5;0.08;0.5;0;9.6;38;162;9.6;5.2;1;0;0;0;0.7;;0.05;0;5
fruits and fruit products;Damsons, flesh and skin, raw, weighed with stones;FA;69.7;0.07;0.5;0;8.6;34;146;8.6;4.7;0.9;0;0;0;0.6;;0.05;0;5
fruits and fruit products;Dates, raw, flesh and skin;FA;60.7;0.24;1.5;0.1;31.3;124;530;31.3;16.2;0;0;0;0;;5.6;0.12;0;14
fruits and fruit products;Dates, raw, flesh and skin, weighed with stones;FA;52.2;0.21;1.3;0.1;26.9;107;456;26.9;13.9;0;0;0;0;;;0.1;0;12
fruits and fruit products;Figs, whole green fruit, raw;FA;84.6;0.21;1.3;0.3;9.5;43;185;9.5;5.2;0.3;0;0;0;;;0.08;0;2
fruits and fruit products;Gooseberries, cooking, raw;FA;90.1;0.18;1.1;0.4;3;19;81;3;1.3;0;0;0;0;0.37;;0.02;0;14
fruits and fruit products;Gooseberries, dessert, raw;FA;87.5;0.11;0.7;0.3;9.2;40;170;9.2;4.3;0.4;0;0;0;0.37;;0.02;0;26
fruits and fruit products;Grapefruit, flesh only, raw, weighed with peel and pips;FA;60.5;0.09;0.5;0.1;4.6;20;86;4.6;1.4;1.6;0;0;0;0.13;0.01;0.02;0;24
fruits and fruit products;Grapefruit, raw, flesh only;FA;89;0.13;0.8;0.1;6.8;30;126;6.8;2.1;2.4;0;0;0;0.19;0.01;0.03;0;36
fruits and fruit products;Greengages, raw;FA;82;0.12;0.8;0.1;9.7;41;173;9.7;4.7;2.7;0;0;0;0.7;;0.05;0;5
fruits and fruit products;Greengages, raw, weighed with stones;FA;77.9;0.11;0.7;0.1;9.2;38;163;9.2;4.5;2.6;0;0;0;0.67;;0.05;0;5
fruits and fruit products;Guava, flesh only, raw;FA;84.7;0.13;0.8;0.5;5;26;112;4.9;2.1;0.5;0;0;0;;;0.14;0;230
fruits and fruit products;Guava, raw, weighed with skin and pips;FA;76.2;0.12;0.7;0.5;4.5;24;102;4.4;1.9;0.5;0;0;0;;;0.13;0;210
fruits and fruit products;Kumquats, whole fruit, raw;FA;83.4;0.14;0.9;0.5;9.3;43;183;9.3;2.6;3.6;0;0;0;;;;0;39
fruits and fruit products;Lemons, flesh only, raw, weighed with peel and pips;FA;57;0.08;0.5;0.2;1.4;9;38;1.4;0.6;0.3;0;0;0;;;0.05;0;34
fruits and fruit products;Loganberries, raw;FA;85;0.17;1.1;0;3.4;17;73;3.4;1.9;0.2;0;0;0;0.48;;0.06;0;35
fruits and fruit products;Loquats, flesh only, raw;FA;88.5;0.11;0.7;0.2;6.3;28;115;6.3;2.7;0.6;0;0;0;;;;0;3
fruits and fruit products;Lychees, flesh only, raw, weighed with skin and stone;FA;50.3;0.09;0.5;0.1;8.9;36;155;8.9;4.3;0;0;0;0;;;;0;28
fruits and fruit products;Lychees, raw, flesh only;FA;81.1;0.14;0.9;0.1;14.3;58;248;14.3;7;0;0;0;0;;;;0;45
fruits and fruit products;Mangoes, ripe, flesh only, raw, weighed with skin and stone;FA;56;0.07;0.5;0.1;9.6;39;166;9.4;0.5;6.9;0;0;0;0.71;0.35;0.09;0;25
fruits and fruit products;Mangoes, ripe, raw, flesh only;FA;82.4;0.11;0.7;0.2;14.1;57;245;13.8;0.7;10.1;0;0;0;1.05;0.52;0.13;0;37
fruits and fruit products;Mulberries, whole fruit, raw;FA;85;0.21;1.3;0;8.1;36;152;8.1;3.8;0;0;0;0;;;0.06;0;19
fruits and fruit products;Papaya, raw, flesh only;FA;88.5;0.08;0.5;0.1;8.8;36;153;8.8;2.8;3.1;0;0;0;;;0.03;0;60
fruits and fruit products;Papaya, raw, flesh only, weighed with skin and pips;FA;66.4;0.06;0.4;0.1;6.6;27;116;6.6;2.1;2.3;0;0;0;;;0.02;0;45
fruits and fruit products;Peaches, flesh and skin, raw, weighed with stone;FA;80;0.14;0.9;0.1;6.8;30;128;6.8;1;4.7;0;0;0;;5.22;0.02;0;28
fruits and fruit products;Peaches, raw, flesh and skin;FA;88.9;0.16;1;0.1;7.6;33;142;7.6;1.1;5.2;0;0;0;;5.8;0.02;0;31
fruits and fruit products;Pears, average, flesh and skin, raw, weighed with core and stalk;FA;72.4;0.04;0.3;0.1;9.2;37;156;9.2;2.6;1;0;0;0;0.1;3.06;0.03;0;3
fruits and fruit products;Pears, Nashi, flesh and skin, raw;FA;87.1;0.05;0.3;0.1;7.1;29;122;7.1;2.2;0;0;0;0;0.5;;0.04;0;4
fruits and fruit products;Pears, Nashi, flesh and skin, raw, weighed with core;FA;77.5;0.04;0.3;0.1;6.3;26;110;6.3;2;0;0;0;0;0.45;;0.04;0;4
fruits and fruit products;Pears, raw, flesh and skin;FA;85.2;0.05;0.3;0.1;10.9;43;182;10.9;3.1;1.2;0;0;0;0.12;3.6;0.04;0;3
fruits and fruit products;Pineapple, flesh only, raw, weighed with skin and top;FA;45.8;0.03;0.2;0.1;5.3;22;92;5.3;1.1;2.9;0;0;0;0.05;0.11;0.05;0;6
fruits and fruit products;Pineapple, raw, flesh only;FA;86.5;0.06;0.4;0.2;10.1;41;176;10.1;2;5.5;0;0;0;0.1;0.21;0.09;0;12
fruits and fruit products;Plums, average, raw, flesh and skin;FA;83.9;0.09;0.6;0.1;8.8;36;155;8.8;4.3;2.5;0;0;0;0.61;7.5;0.05;0;4
fruits and fruit products;Plums, average, raw, flesh and skin, weighed with stones;FA;78.9;0.08;0.5;0.1;8.3;34;145;8.3;4;2.3;0;0;0;0.57;7.05;0.05;0;4
fruits and fruit products;Plums, Victoria, flesh and skin, raw;FA;86;0.09;0.6;0.1;9.6;39;168;9.6;4.7;2.7;0;0;0;0.61;;0.05;0;6
fruits and fruit products;Plums, Victoria, flesh and skin, raw, weighed with stones;FA;80.8;0.08;0.5;0.1;9;37;156;9;4.4;2.5;0;0;0;0.57;;0.05;0;6
fruits and fruit products;Plums, yellow, flesh and skin, raw;FA;89;0.08;0.5;0.1;5.9;25;107;5.9;2.1;2.4;0;0;0;0.61;;0.05;0;5
fruits and fruit products;Plums, yellow, flesh and skin, raw, weighed with stones;FA;85.4;0.08;0.5;0.1;5.7;24;103;5.7;2;2.3;0;0;0;0.59;;0.05;0;5
fruits and fruit products;Raspberries, raw;FA;87;0.22;1.4;0.3;4.6;25;109;4.6;1.9;0.2;0;0;0;0.48;;0.06;0;32
fruits and fruit products;Redcurrants, raw;FA;82.8;0.18;1.1;0;4.4;21;89;4.4;1.7;0.1;0;0;0;0.1;;0.05;0;40
fruits and fruit products;Rhubarb, stems only, raw;FA;94.2;0.14;0.9;0.1;0.8;7;32;0.8;0.4;0.1;0;0;0;0.2;;0.02;0;6
fruits and fruit products;Strawberries, raw;FA;91.6;0.09;0.6;0.5;6.1;30;126;6.1;3;0;0;0;0;0.39;3;0.03;0;57
fruits and fruit products;Whitecurrants, raw;FA;83.3;0.2;1.3;0;5.6;26;112;5.6;2.4;0.8;0;0;0;0.1;;0.05;0;40
nuts;Breadnut seeds, dried;G;6.5;1.63;8.6;1.7;73.8;367;1536;;;;0;0;0;;;0.69;0;47
nuts;Macadamia nuts, salted;G;1.3;1.49;7.9;77.6;4.8;748;3082;4;0.1;3.8;0;0;0;1.49;;0.28;0;0
nuts;Poppy seeds;G;6;3.29;20.6;47.1;;;;;;;0;0;0;2.72;;0.44;0;0
nuts;Almonds, flaked and ground;GA;4.2;4.07;21.1;55.8;6.9;612;2534;4.2;0;4.2;0;0;0;23.96;;0.15;0;0
nuts;Almonds, toasted;GA;2.6;4.14;21.2;56.7;7;621;2570;4.3;0;4.3;0;0;0;24.36;;0.09;0;0
nuts;Betel nuts;GA;11.5;0.98;5.2;10.2;56.7;339;1430;;0;;0;0;0;;;;0;0
nuts;Chestnuts, dried;GA;9;0.69;3.7;5.1;69;319;1356;13.2;0;13.2;0;0;0;2.26;;0.64;0;0
nuts;Coconut milk;GA;92.2;0.06;0.3;0.3;4.9;22;95;4.9;0.3;4.6;0;0;0;0;;0.03;0;2
nuts;Coconut milk, reduced fat, retail;GA;89.5;0.13;   0,7;7.7;   2,0;79;328;   1,1;;;0;0;0;;;;0;
nuts;Coconut milk, retail;GA;78.3;0.21;   1,1;16.9;   3,3;169;697;   2,0;;;0;0;0;;;;0;
nuts;Coconut, desiccated;GA;2.3;1.05;5.6;62;6.4;604;2492;6.4;0;5.6;0;0;0;1.26;;0.09;0;0
nuts;Coconut, flesh only, fresh;GA;45;0.61;3.2;36;3.7;351;1446;3.7;0;3.7;0;0;0;0.73;;0.05;0;3
nuts;Marzipan, white and yellow, retail;GA;8.1;1.02;5.3;12.7;67.6;389;1642;67.6;2.7;62.2;0;0;0;6.18;;0.04;0;0
nuts;Melon seeds;GA;6.1;5.38;28.5;47.7;9.9;583;2418;;;;0;0;0;;;;0;0
nuts;Nuts, mixed;GA;5.7;4.36;23.8;49.1;11.6;581;2407;5.6;0;5.6;0;0;0;12.78;;0.51;0;0
nuts;Peanut butter, smooth;GA;1.1;4.17;22.8;51.8;13.1;607;2514;6.7;0;6.7;0;0;0;4.99;;0.58;0;0
nuts;Peanuts and raisins;GA;9.3;2.8;15.4;25.9;37.5;436;1821;34;15.2;3.5;0;0;0;5.65;;0.44;0;0
nuts;Peanuts, dry roasted;GA;1.8;4.71;25.7;49.8;10.3;590;2444;3.8;0;3.8;0;0;0;1.11;0.31;0.54;0;0
nuts;Peanuts, raisins and chocolate chips;GA;7.7;2.21;12.4;25.4;44.4;445;1861;42;12.8;14.1;2.3;5.5;0;;;0.37;0.5;0
nuts;Peanuts, roasted and salted;GA;1.9;4.53;24.7;53;7.1;602;2495;3.8;0;3.8;0;0;0;0.66;;0.63;0;0
nuts;Pumpkin seeds;GA;5.6;4.61;24.4;45.6;15.2;565;2345;1.1;0;1.1;0;0;0;;;;0;0
nuts;Quinoa, raw;GA;11.5;2.21;13.8;5;55.7;309;1311;6.1;2.7;2.8;0;0;0;;;;0;0
nuts;Sesame seeds;GA;4.6;3.44;18.2;58;0.9;598;2470;0.4;0.1;0.2;0;0;0;2.53;;0.75;0;0
nuts;Sunflower seeds;GA;4.4;3.74;19.8;47.5;18.6;576;2392;1.7;0;1.7;0;0;0;37.77;;;0;0
nuts;Sunflower seeds, toasted;GA;1;3.86;20.5;49.2;19.3;602;2497;1.8;0;1.8;0;0;0;39.11;;;0;0
nuts;Tigernuts;GA;8.5;0.69;4.3;23.8;45.7;403;1685;16.1;0;16.1;0;0;0;;;;0;6
fish and other seafood;Cod, in batter, fried in sunflower oil, takeaway;J;57.3;2.69;16.8;14.7;19.5;240;1001;1;0.1;0.3;0;;0;;;0.24;2.1;0
fish and other seafood;Salmon, farmed, flesh only, baked;J;59.7;4.03;25.2;14.6;0;232;969;0;0;0;0;67.2;7.3;3.7;;0.14;2.5;0
fish and other seafood;Salmon, farmed, flesh only, grilled;J;60.4;3.94;24.6;15.6;0;239;995;0;0;0;0;71.8;7.8;3.94;;0.16;3.4;0
fish and other seafood;Salmon, farmed, flesh only, steamed;J;58.9;3.78;23.6;18.5;0;261;1086;0;0;0;0;85.2;9.3;4.7;;0.17;2.1;0
fish and other seafood;Bass, sea, flesh only, baked;JA;69;3.71;23.2;6.8;0;154;646;0;0;0;0;49;0;0.33;;0.14;2.9;0
fish and other seafood;Catfish, flesh only, steamed;JA;73.6;3.43;21.4;3.7;0;119;501;0;0;0;0;61;0.7;2.8;;0.46;3;0
fish and other seafood;Cod, flesh only, baked;JA;76.9;3.82;23.9;0.5;0;100;425;0;0;0;0;43.3;0;0.95;;0.12;1.9;0
fish and other seafood;Cod, in batter, baked;JA;56;1.97;12.3;11.8;19.7;229;961;   2,0;;;;36.5;0;2.38;;0.2;1.7;0
fish and other seafood;Cod, in batter, fried, takeaway;JA;57.3;2.69;16.8;14.7;10.7;240;1001;1;0.1;0.3;0;60.4;0;1.48;;0.24;2.1;0
fish and other seafood;Cod, in breadcrumbs, baked;JA;55.5;2.19;13.7;8.3;19.8;204;858;0.9;0.2;0.1;0;35.6;0;1.84;;0.19;1;0
fish and other seafood;Fishcakes, white fish, coated in breadcrumbs, baked;JA;56.9;1.49;9.3;9.4;22.6;206;867;1.8;0.2;0.1;0;30;0;1.98;;0.09;1.4;0
fish and other seafood;Haddock, coated in crumbs, frozen, fried in blended oil;JA;59.9;2.35;14.7;10;12.6;196;822;0;0;0;0;;0;;;0.24;1;0
fish and other seafood;Haddock, fillets, flesh only, in flour, fried in dripping;JA;70.6;3.38;21.1;4.1;4.5;138;582;0;0;0;0;;;0.4;;0.45;2;0
fish and other seafood;Haddock, flesh only, grilled;JA;75.9;3.82;23.9;0.3;0;98;417;0;0;0;0;40.5;0;0.52;;0.29;2.4;0
fish and other seafood;Haddock, flesh only, steamed;JA;78.2;3.49;21.8;0.6;0;93;393;0;0;0;0;74;0;0.57;;0.24;2.1;0
fish and other seafood;Haddock, in batter, fried in retail blend oil;JA;57.6;2.74;17.1;14;10;232;969;0;0;0;0;58;0;1.48;;0.23;;0
fish and other seafood;Hake, flesh only, grilled;JA;74.1;3.55;22.2;2.7;0;113;478;0;0;0;0;28;0;;;;;0
fish and other seafood;Halibut, flesh only, poached;JA;68.1;3.95;24.7;5.7;1.1;154;648;1.1;0;0;1.1;50;;1.04;;0.44;1;0
fish and other seafood;Lemon sole, flesh only, grilled;JA;76.8;3.44;21.5;0.6;0;91;388;0;0;0;0;40.3;0;0.85;;0.13;1.1;0
fish and other seafood;Monkfish, flesh only, grilled;JA;75.8;3.64;22.7;0.6;0;96;407;0;0;0;0;20;0;;;;;0
fish and other seafood;Mullet, Red, flesh only, grilled;JA;73.9;3.26;20.4;4.4;0;121;510;0;0;0;0;;0.9;0.59;;0.41;2;0
fish and other seafood;Plaice, in batter, fried in retail blend oil;JA;52.4;2.43;15.2;16.8;12;257;1072;0;0;0;0;60;0;1.48;;0.12;;0
fish and other seafood;Plaice, in breadcrumbs, baked;JA;52.8;2.3;14.4;11.6;21.5;243;1018;1.3;0.2;0;0;39;0;3.32;;0.09;1.6;0
fish and other seafood;Rock Salmon/Dogfish, in batter, fried in retail blend oil;JA;51.3;2.83;14.7;21.9;10.3;295;1225;0;0;0;0;;;;;0.21;;0
fish and other seafood;White fish, dried, salted;JA;44.5;5.53;34.5;1.1;0;148;627;0;0;0;0;;;;;;3;0
fish and other seafood;Anchovies, canned in oil, drained;JC;46.4;4.03;25.2;10;0;191;798;0;0;0;0;63;;;;;11;0
fish and other seafood;Herring, flesh only, grilled;JC;63.9;3.22;20.1;11.2;0;181;756;0;0;0;0;43;16.1;0.64;;0.35;15;0
fish and other seafood;Kippers, flesh only, boil in the bag, with butter, cooked;JC;63.6;2.98;18.6;13.2;0;193;805;0;0;0;0;71;11.1;0.23;;0.22;9.5;0
fish and other seafood;Mackerel, flesh only, grilled;JC;53.8;3.25;20.3;22.4;0;283;1174;0;0;0;0;75;8.5;0.46;;0.27;9.1;0
fish and other seafood;Mackerel, flesh only, smoked;JC;50.9;3.38;21.1;24.1;0;301;1250;0;0;0;0;63;8.2;0.46;;0.28;10.2;0
fish and other seafood;Salmon, pink, canned in brine, drained;JC;71.4;3.78;23.6;4.8;0;138;579;0;0;0;0;61;13.6;0.76;;0.19;4.7;0
fish and other seafood;Salmon, red, canned in brine, skinless and boneless, drained;JC;68.5;3.71;23.2;6.7;0;153;642;0;0;0;0;61;11.8;1.47;;0.23;4.5;0
fish and other seafood;Salmon, smoked (cold-smoked);JC;64.5;3.65;22.8;10.1;0.5;184;769;0.5;0;0;0;45;8.9;2.03;;0.73;3.2;0
fish and other seafood;Salmon, smoked (hot-smoked);JC;60.1;4.06;25.4;8.8;1.3;186;778;1.3;0;0.8;0;72;11;2.29;;0.51;4.2;0
fish and other seafood;Sardines, canned in brine, drained;JC;66.1;3.54;22.1;9.1;0;170;712;0;0;0;0;66;3.3;0.24;;0.07;10.8;0
fish and other seafood;Sardines, canned in tomato sauce, whole contents;JC;67.3;2.96;18.5;10.8;0.9;175;729;0.9;0.3;0;0;71;3.3;1.84;;0.25;8.9;0
fish and other seafood;Trout, rainbow, flesh only, baked;JC;70.1;3.81;23.8;6.1;0;150;630;0;0;0;0;69;8.2;0.89;;0.19;3.1;0
fish and other seafood;Tuna, canned in brine, drained;JC;74.3;3.98;24.9;1;0;109;460;0;0;0;0;47;1.1;0.42;0.25;0.31;3.4;0
fish and other seafood;Tuna, canned in sunflower oil, drained;JC;67.1;4.06;25.4;6.4;0;159;669;0;0;0;0;47;1.1;2.84;;0.31;3.4;0
fish and other seafood;Tuna, flesh only, baked;JC;68.2;5.17;32.3;0.8;0;136;579;0;0;0;0;40.1;3.1;0.13;;0.23;2.2;0
fish and other seafood;Crab, brown meat, purchased cooked;JK;66.5;3.01;18.8;7.8;0;145;608;0;0;0;0;271;0;7.33;;0.22;22.4;0
fish and other seafood;Crab, white meat, purchased cooked;JK;77.6;3.28;20.5;0.3;0;85;360;0;0;0;0;66;0;2.12;;0.1;3.4;0
fish and other seafood;Calamari, coated in batter, baked;JM;42.1;1.36;8.5;17.5;25.9;288;1206;0;0;0;0;85;0;0.75;;0.03;1.7;0
fish and other seafood;Cockles, boiled;JM;83;1.92;12;0.6;0;53;226;0;0;0;0;53;0;;;0.04;47;0
fish and other seafood;Mussels, purchased cooked;JM;75.5;2.83;17.7;2.2;3.5;104;438;0;0;0;0;45;0;1.72;;0.03;10.6;0
fish and other seafood;Whelks, boiled;JM;73.9;3.12;19.5;1.2;0;89;376;0;0;0;0;125;0;0.8;;0.09;21;0
fish and other seafood;Winkles, boiled;JM;73;2.46;15.4;1.2;0;72;306;0;0;0;0;105;0;3.9;;0.1;36;0
fish and other seafood;Curry, fish, homemade;JR;73.5;1.81;11.3;9.6;1.9;139;578;1.9;0.5;0.4;0;13.8;1.4;3.24;;0;1.3;0
fish and other seafood;Fish fingers, cod, grilled/baked;JR;54.5;2.29;14.3;9.2;22;223;936;1.5;0;0.2;0;36;0;2.75;;0.09;1.5;0
fish and other seafood;Fish fingers, pollock, grilled;JR;54.6;2.22;13.9;9.2;20;213;897;1.3;0.4;0;0;43.6;0;2.7;;0.18;0.3;0
fish and other seafood;Fish fingers, salmon, grilled/baked;JR;50.8;2.75;17.2;11.2;20.7;247;1038;1.1;0.1;0;0;29;4.5;2.82;;0.22;2.3;0
fish and other seafood;Fish paste;JR;67.1;2.45;15.3;10.5;3.7;170;708;0.5;0;0.5;0;;;0.87;;;;0
fish and other seafood;Fishcakes, salmon, coated in breadcrumbs, baked;JR;54.7;1.82;11.4;13.7;20.4;245;1027;1.6;0.1;0;0;25;5.7;2.79;;0.22;1.6;0
fish and other seafood;Pie, fish, white fish, retail, baked;JR;73.8;1.06;6.6;4.8;14.4;124;521;1.8;0.2;0.3;1.3;29;2.8;0.51;;0.02;1.3;2
fish and other seafood;Roe, cod, hard, coated in batter, fried;JR;64.4;1.98;12.4;11.8;8.9;189;790;0;0;0;0;;;;;0.08;;0
fish and other seafood;Scampi, coated in breadcrumbs, baked;JR;50.7;1.86;11.6;10.5;24.3;232;975;0.8;0;0;0;64;0;3.18;;0.06;1.5;0
fish and other seafood;Seafood sticks;JR;73.3;1.17;7.3;1.9;14.9;102;433;4.8;0;4.8;0;16;0;0.47;;0.03;0.9;0
fish and other seafood;Sushi, salmon nigiri;JR;59.8;1.39;8.7;2.5;25.2;152;644;3.2;0.5;1.5;0;21;2.5;0.17;;0.15;0.5;0
fish and other seafood;Sushi, tuna nigiri;JR;61.5;1.34;8.4;2.5;30.3;170;720;4.7;1;2.2;0.1;8;3.6;0;;0.14;0.7;0
fish and other seafood;Taramasalata;JR;35.9;0.51;3.2;52.9;7.4;517;2130;1.2;;;0;25;;;;;3;1
meat and meat products;Pork, sweet and sour, made with sweet and sour cook in sauce;MA;66.3;2.21;13.8;6.7;11.4;159;666;10;2.5;5;0;42.9;0.4;0.59;;0.27;0.5;1
meat and meat products;Bacon loin steaks, lean, grilled;MAA;60.6;4.62;28.9;4.3;1.1;158;668;1.1;;;0;31;0.3;0.04;;0.58;1;0
meat and meat products;Bacon rashers, back, grilled;MAA;50.4;3.71;23.2;21.6;0;287;1194;0;0;0;0;75;0.6;0.07;;0.52;1;0
meat and meat products;Bacon rashers, middle, grilled;MAA;47.8;3.97;24.8;23.1;0;307;1276;0;0;0;0;83;0.6;0.13;;0.42;1;0
meat and meat products;Bacon rashers, streaky, grilled;MAA;44;3.81;23.8;26.9;0;337;1400;0;0;0;0;90;0.7;0.07;;0.4;1;0
meat and meat products;Bacon, fat only, average, cooked;MAA;13.8;1.48;9.3;72.8;0;692;2852;0;0;0;0;270;;0.36;0;;0;0
meat and meat products;Ham;MAA;73.2;2.94;18.4;3.3;1;107;451;1;;;0;58;;0.04;;0.61;1;0
meat and meat products;Ham, gammon joint, boiled;MAA;61.2;3.73;23.3;12.3;0;204;851;0;0;0;0;83;0.8;0.08;;0.42;0;0
meat and meat products;Ham, gammon rashers, grilled;MAA;58.2;4.4;27.5;9.9;0;199;834;0;0;0;0;83;0.8;0.08;;0.16;1;0
meat and meat products;Beef, braising steak, braised, lean only;MAC;55.5;5.5;34.4;9.7;0;225;944;0;0;0;0;100;0.8;0.02;;0.34;3;0
meat and meat products;Beef, braising steak, slow cooked, lean;MAC;60;5.02;31.4;7.9;0;197;826;0;0;0;0;90;0.7;0.04;;0.28;3;0
meat and meat products;Beef, brisket, boiled, lean;MAC;57.2;5.02;31.4;11;0;225;941;0;0;0;0;77;0.7;0.01;;0.19;3;0
meat and meat products;Beef, fat, average, cooked;MAC;33.6;2.48;15.5;52.3;0;533;2199;0;0;0;0;97;0;0.08;;0.23;2;0
meat and meat products;Beef, fillet steak, grilled, lean;MAC;62.6;4.66;29.1;8;0;188;791;0;0;0;0;71;0.7;0.06;;0.61;2;0
meat and meat products;Beef, flank, pot-roasted, lean;MAC;53.7;5.09;31.8;14;0;253;1059;0;0;0;0;91;0.7;0.04;;0.23;3;0
meat and meat products;Beef, fore-rib/rib-roast, roasted, lean;MAC;55.9;5.33;33.3;11.4;0;236;988;0;0;0;0;81;0.8;0.22;;0.4;3;0
meat and meat products;Beef, mince patties, barbecued;MAC;54.5;4.74;29.6;16.2;0;264;1103;0;0;0;0;90;0.7;0.09;;0.42;3;0
meat and meat products;Beef, mince, extra lean, stewed;MAC;71.1;3.95;24.7;4.2;0;137;575;0;0;0;0;36.2;0.6;0.3;;0.16;3;0
meat and meat products;Beef, mince, stewed;MAC;64.4;3.49;21.8;13.5;0;209;870;0;0;0;0;79;0.8;0.34;7.18;0.28;2;0
meat and meat products;Beef, rump steak, barbecued, lean;MAC;62.4;4.99;31.2;5.7;0;176;741;0;0;0;0;76;0.7;0.2;;0.36;3;0
meat and meat products;Beef, rump steak, grilled, lean only;MAC;62.9;4.96;31;5.9;0;177;745;0;0;0;0;76;0.4;0.07;;0.65;3;0
meat and meat products;Beef, silverside, pot-roasted, lean;MAC;58.9;5.44;34;6.3;0;193;811;0;0;0;0;93;0.8;0.05;;0.33;2;0
meat and meat products;Beef, silverside, salted, boiled, lean;MAC;60.4;4.86;30.4;6.9;0;184;772;0;0;0;0;74;0.7;0.1;;0.39;2;0
meat and meat products;Beef, sirloin joint, roasted, lean;MAC;59.2;5.18;32.4;6.5;0;188;791;0;0;0;0;79;0.7;0.02;;0.58;3;0
meat and meat products;Beef, sirloin steak, grilled medium-rare, lean;MAC;63.9;4.26;26.6;7.7;0;176;737;0;0;0;0;67;0.5;0.02;;0.58;2;0
meat and meat products;Beef, sirloin steak, grilled rare, lean;MAC;67.2;4.22;26.4;6.7;0;166;697;0;0;0;0;64;0.6;0.06;;0.55;2;0
meat and meat products;Beef, sirloin steak, grilled well-done, lean;MAC;55.7;5.42;33.9;9.9;0;225;943;0;0;0;0;83;0.8;0.08;;0.71;3;0
meat and meat products;Beef, stewing steak, pressure cooked, lean;MAC;58.2;5.62;35.1;6.5;0;199;837;0;0;0;0;100;0.8;0.07;;0.28;3;0
meat and meat products;Beef, stewing steak, stewed, lean;MAC;61.6;5.12;32;6.3;0;185;777;0;0;0;0;91;0.7;0.19;;0.23;3;0
meat and meat products;Beef, topside, roasted medium-rare, lean;MAC;62.2;5.15;32.2;5.1;0;175;736;0;0;0;0;68;0.4;0.04;;0.54;2;0
meat and meat products;Beef, topside, roasted well-done, lean;MAC;56.9;5.79;36.2;6.3;0;202;849;0;0;0;0;88;0.8;0.08;0.19;0.56;3;0
meat and meat products;Lamb, best end neck cutlets, barbecued, lean;MAE;58.5;4.43;27.7;13.9;0;236;985;0;0;0;0;98;0.6;0.12;;0.46;3;0
meat and meat products;Lamb, best end neck cutlets, grilled, lean;MAE;57.4;4.56;28.5;13.8;0;238;995;0;0;0;0;100;0.6;0.1;;0.4;3;0
meat and meat products;Lamb, breast, roasted, lean;MAE;54.4;4.27;26.7;18.5;0;273;1138;0;0;0;0;95;0.6;0.11;;0.16;3;0
meat and meat products;Lamb, chump chops, fried, lean;MAE;60;4.5;28.1;11.2;0;213;892;0;0;0;0;100;0.6;;;0.44;3;0
meat and meat products;Lamb, fat, average, cooked;MAE;28.3;2.64;15.4;56.3;0;568;2345;0;0;0;0;100;0.5;0.28;;0.2;1;0
meat and meat products;Lamb, leg joint, roasted, lean;MAE;58.9;4.93;30.8;9.6;0;210;879;0;0;0;0;110;0.6;0.06;;0.31;3;0
meat and meat products;Lamb, leg steaks, grilled, lean;MAE;61.5;4.67;29.2;9;0;198;829;0;0;0;0;105;0.3;0.08;;0.32;3;0
meat and meat products;Lamb, leg, half fillet, braised, lean;MAE;61.8;4.37;27.3;10.5;0;204;853;0;0;0;0;97;0.6;0.01;;0.28;3;0
meat and meat products;Lamb, leg, half knuckle, pot-roasted, lean;MAE;61.3;4.7;29.4;9.3;0;201;844;0;0;0;0;105;0.6;0.01;;0.3;3;0
meat and meat products;Lamb, leg, whole, roasted well done, lean;MAE;59.1;5.01;31.3;9.2;0;208;873;0;0;0;0;110;0.6;0.04;;0.3;3;0
meat and meat products;Lamb, leg, whole, roasted, lean only;MAE;60.5;4.75;29.7;9.4;0;203;853;0;0;0;0;100;0.7;0.03;;0.34;2;0
meat and meat products;Lamb, loin chops, grilled, lean;MAE;59.6;4.67;29.2;10.7;0;213;892;0;0;0;0;96;0.6;0.02;0.28;0.52;3;0
meat and meat products;Lamb, loin chops, roasted, lean;MAE;52.1;5.5;34.4;13.3;0;257;1077;0;0;0;0;120;0.6;0.06;;0.34;3;0
meat and meat products;Lamb, loin joint, roasted, lean;MAE;60.4;4.51;28.2;10.7;0;209;875;0;0;0;0;100;0.6;0.01;;0.36;3;0
meat and meat products;Lamb, mince, stewed;MAE;62.8;3.9;24.4;12.3;0;208;870;0;0;0;0;96;0.5;0.11;;0.21;2;0
meat and meat products;Lamb, neck fillet, slices, grilled, lean;MAE;52.3;4.46;27.9;19.1;0;284;1181;0;0;0;0;99;0.6;0.12;;0.09;3;0
meat and meat products;Lamb, neck fillet, strips, stir-fried  in corn oil, lean;MAE;55.3;3.9;24.4;20;0;278;1155;0;0;0;0;86;0.6;0.59;;0.2;2;0
meat and meat products;Lamb, New Zealand, leg, whole, chilled, roasted, lean;MAE;60.4;4.61;28.8;10.2;0;207;867;0;0;0;0;110;0.6;0.1;;0.38;3;0
meat and meat products;Lamb, rack of, lean, roasted;MAE;57.6;4.34;27.1;13;0;225;942;0;0;0;0;96;0.6;0.07;;0.39;3;0
meat and meat products;Lamb, shoulder joint, roasted, lean;MAE;56.7;4.54;28.4;13.5;0;235;982;0;0;0;0;100;0.6;0.05;;0.28;3;0
meat and meat products;Lamb, shoulder, half bladeside, pot-roasted, lean;MAE;58.3;4.19;26.2;14.3;0;234;975;0;0;0;0;93;0.6;0.19;;0.12;2;0
meat and meat products;Lamb, shoulder, half knuckle, braised, lean;MAE;62.5;4.02;25.1;12.4;0;212;886;0;0;0;0;89;0.6;0.09;;0.24;2;0
meat and meat products;Lamb, shoulder, whole, roasted, lean;MAE;56.9;4.35;27.2;12.1;0;218;910;0;0;0;0;105;0.8;0.06;;0.21;2;0
meat and meat products;Lamb, stewing, pressure cooked, lean;MAE;56.6;4.59;28.7;14.8;0;248;1036;0;0;0;0;100;0.6;0.04;;0.18;3;0
meat and meat products;Lamb, stewing, stewed, lean;MAE;58.9;4.26;26.6;14.8;0;240;1000;0;0;0;0;94;0.6;0.2;;0.11;3;0
meat and meat products;Pork, crackling, cooked;MAG;16.9;5.79;36.2;45;0;550;2280;0;0;0;0;105;;;;;;0
meat and meat products;Pork, diced, casseroled, lean only;MAG;62.2;5.07;31.7;6.4;0;184;776;0;0;0;0;99;0.8;0.05;;0.36;1;0
meat and meat products;Pork, diced, kebabs, grilled, lean;MAG;60.8;5.46;34.1;4.7;0;179;754;0;0;0;0;90;0.8;0.02;;0.18;1;0
meat and meat products;Pork, diced, slow-cooked, lean;MAG;64.1;4.8;30;5.4;0;169;710;0;0;0;0;92;0.7;0.03;;0.27;1;0
meat and meat products;Pork, fat, average, cooked;MAG;33.1;2.27;14.2;50.9;0;515;2125;0;0;0;0;98;2.1;0.05;0.35;0.16;0;0
meat and meat products;Pork, fillet slices, grilled, lean;MAG;61.8;5.38;33.6;4;0;170;719;0;0;0;0;89;0.8;0.05;;0.66;1;0
meat and meat products;Pork, hand, shoulder joint, pressure cooked, lean;MAG;61.4;4.83;30.2;7.9;0;192;806;0;0;0;0;93;0.7;0.01;;0.74;1;0
meat and meat products;Pork, hand, shoulder joint, roasted, lean;MAG;60;4.93;30.8;8.8;0;202;849;0;0;0;0;105;0.7;0.02;;0.4;1;0
meat and meat products;Pork, leg joint, roast, lean only;MAG;61.1;5.28;33;5.5;0;182;765;0;0;0;0;100;0.7;0.02;;0.5;1;0
meat and meat products;Pork, leg joint, roasted well done, lean;MAG;60.4;5.55;34.7;5.1;0;185;779;0;0;0;0;105;0.8;0.04;;0.43;1;0
meat and meat products;Pork, loin chops, barbecued, lean;MAG;61;4.98;31.1;6.8;0;186;780;0;0;0;0;82;0.7;0.01;;0.35;1;0
meat and meat products;Pork, loin chops, grilled, lean;MAG;61.2;5.06;31.6;6.4;0;184;774;0;0;0;0;75;0.8;0.01;;0.56;1;0
meat and meat products;Pork, loin chops, roasted, lean;MAG;52.7;6;37.5;10.1;0;241;1011;0;0;0;0;115;0.8;0.03;;0.5;1;0
meat and meat products;Pork, loin joint, pot-roasted, lean;MAG;58.1;4.96;31;8.1;0;197;827;0;0;0;0;95;0.7;0.02;;0.35;1;0
meat and meat products;Pork, loin joint, roasted, lean;MAG;61.4;4.82;30.1;6.8;0;182;763;0;0;0;0;78;0.7;0.03;;0.37;1;0
meat and meat products;Pork, mince, stewed;MAG;64.7;3.9;24.4;10.4;0;191;800;0;0;0;0;81;0.9;0.02;;0.23;1;0
meat and meat products;Pork, spare rib chops, braised, lean;MAG;58.8;4.88;30.5;10.1;0;213;892;0;0;0;0;98;0.4;0.04;;0.26;2;0
meat and meat products;Pork, spare rib joint, pot-roasted, lean;MAG;60;4.8;30;9;0;201;843;0;0;0;0;92;0.7;0.02;;0.4;1;0
meat and meat products;Pork, spare ribs, Chinese barbecue, takeaway;MAG;49.8;3.54;22.1;18.7;;;;;;;;;;0.84;;;;0
meat and meat products;Pork, steaks, grilled, lean;MAG;61.5;5.42;33.9;3.7;0;169;713;0;0;0;0;99;0.8;0.02;;0.72;1;0
meat and meat products;Pork, steaks, stewed, lean;MAG;61.7;5.38;33.6;4.6;0;176;741;0;0;0;0;105;0.8;0.02;;0.42;1;0
meat and meat products;Veal, mince, stewed;MAI;63.7;4.21;26.3;11.1;0;205;858;0;0;0;0;80;1.5;0.16;;0.3;3;0
meat and meat products;Burger, beef, 62-85%, beef, grilled;MBG;57.1;2.93;18.3;13.8;8.5;229;958;2.1;;;0;60;;;;0.17;2;0
meat and meat products;Burger, beef, 98-99% beef, fried in vegetable oil;MBG;46.2;4.56;28.5;23.9;0.1;329;1370;0.1;0.1;0;0;96;1.9;0.54;;0.31;3;0
meat and meat products;Burger, beef, 98-99% beef, grilled;MBG;47.9;4.24;26.5;24.4;0.1;326;1355;0.1;0.1;0;0;75;1.8;0.39;;0.31;3;0
meat and meat products;Burger, Big Mac, takeaway;MBG;;2.09;13.1;11.2;20.9;232;972;3.9;;;;23;0.3;0.23;;0.01;;1
meat and meat products;Burger, cheeseburger, takeaway;MBG;47;2.18;13.6;10.4;28.3;254;1069;5.7;;;;32;0.3;0.26;;0.19;2;
meat and meat products;Burger, hamburger, takeaway;MBG;45.2;2.16;13.5;8.3;31.2;246;1036;6.6;;;;34.6;0.3;0.22;;0.18;1;
meat and meat products;Burger, Quarter Pounder with cheese, takeaway;MBG;;2.61;16.3;13.2;21.2;263;1102;5.5;;;;33;0.2;0.14;;0.06;;0
meat and meat products;Burger, Whopper, takeaway;MBG;55.8;1.66;10.4;12.1;19.2;223;932;4.2;;;;25;0.2;1.8;;0.13;1;2
meat and meat products;Grouse, meat only, roasted;MCG;69;4.42;27.6;2;0;128;543;0;0;0;0;;;;;0.64;1;0
meat and meat products;Partridge, meat only, roasted;MCI;54.5;5.87;36.7;7.2;0;212;890;0;0;0;0;;;;;;;0
meat and meat products;Pheasant, meat only, roasted;MCK;59.4;4.46;27.9;12;0;220;918;0;0;0;0;220;;;;0.57;3;0
meat and meat products;Hare, meat only, stewed;MEA;60.7;4.78;29.9;8;0;192;804;0;0;0;0;;;;;;;0
meat and meat products;Rabbit, stewed, meat only;MEC;70.7;3.39;21.2;3.2;0;114;479;0;0;0;0;49;;;;0.29;3;0
meat and meat products;Venison, roast;MEE;60.4;5.7;35.6;2.5;0;165;698;0;0;0;0;;;;;0.65;1;0
meat and meat products;Brain, lamb, boiled;MG;77;1.86;11.6;8.8;0;126;523;0;0;0;0;2200;0;1.1;;0.08;8;17
meat and meat products;Giblets, turkey, boiled;MG;61;4.5;28.1;8.8;0;192;803;0;0;0;0;;;0.07;;0.26;8;3
meat and meat products;Heart, lamb, roasted;MG;58.8;4.05;25.3;13.9;0;226;944;0;0;0;0;260;0.1;;;0.26;6;2
meat and meat products;Heart, ox, stewed;MG;64.3;4.45;27.8;5.1;0;157;661;0;0;0;0;230;;0.72;;0.05;13;2
meat and meat products;Heart, pig, stewed;MG;66.3;4.02;25.1;6.8;0;162;678;0;0;0;0;;;;;0.31;2;2
meat and meat products;Kidney, ox, stewed;MG;69.2;3.92;24.5;4.4;0;138;579;0;0;0;0;460;;0.42;;0.57;38;5
meat and meat products;Kidney, pig, fried;MG;58.1;4.67;29.2;9.5;0;202;848;0;0;0;0;;;;;0.22;28;12
meat and meat products;Kidney, pig, stewed;MG;66.3;3.91;24.4;6.1;0;153;641;0;0;0;0;700;;0.36;;0.28;15;11
meat and meat products;Liver, ox, stewed;MG;62.6;3.96;24.8;9.5;3.6;198;831;0;0;0;0;240;1.1;0.44;;0.52;110;15
meat and meat products;Liver, pig, stewed;MG;62.1;4.09;25.6;8.1;3.6;189;793;0;0;0;0;290;1.1;0.16;;0.64;26;9
meat and meat products;Oxtail, meat only, stewed with added salt;MG;53.9;4.88;30.5;13.4;0;243;1014;0;0;0;0;110;0;0.45;;0.14;2;0
meat and meat products;Pork, trotters and tails, boiled with added salt;MG;53.5;3.17;19.8;22.3;0;280;1162;0;0;0;0;;0;;;;1;0
meat and meat products;Tongue, ox, meat only, pickled, stewed;MG;48.6;3.12;19.5;23.9;0;293;1216;0;0;0;0;100;0;0.35;;0.09;4;2
meat and meat products;Tongue, sheep, meat only, stewed;MG;56.9;2.91;18.2;24;0;289;1197;0;0;0;0;270;0;0.32;;0.1;7;6
meat and meat products;Tripe, dressed, stewed in milk;MG;78.5;2.37;14.8;4.5;0;100;418;0;;;;160;0;0.09;;0.02;0;3
meat and meat products;Black pudding, dry-fried;MI;44.3;1.65;10.3;21.5;16.6;297;1236;0.2;0.1;0.1;0;68;0.7;0.24;;0.04;1;0
meat and meat products;Chorizo;MI;;3.84;24;32.2;2.4;395;1638;1.1;0;0;1.1;;;;;;;
meat and meat products;Corned beef, canned;MI;59.5;4.14;25.9;10.9;1;205;860;1;0.1;0.9;0;84;1.3;0.78;2;0.18;2;0
meat and meat products;Frankfurter;MI;54.2;2.17;13.6;25.4;1.1;287;1189;1.1;0.2;0;0.9;76;;0.63;;0.12;1;
meat and meat products;Haggis, boiled;MI;46.2;1.71;10.7;21.7;19.2;310;1292;0;0;0;0;91;0.1;0.41;;0.07;2;0
meat and meat products;Liver sausage;MI;58.4;2.14;13.4;16.7;6;226;942;1;1;0;0;115;0.6;0.1;;0.25;10;0
meat and meat products;Luncheon meat, Chinese, steamed;MI;57.1;1.9;11.9;22.3;10.5;288;1195;;;;;;;;;;1;
meat and meat products;Meat spread;MI;64.6;2.51;15.7;13.4;2.3;192;800;0.2;0.1;0.1;0;62;;0.49;;0.13;3;0
meat and meat products;Pate, liver;MI;47.6;2.02;12.6;32.7;1.2;349;1443;0.4;0.4;0;0;170;1.2;;0.95;0.25;8;
meat and meat products;Pate, meat, reduced fat;MI;65;2.88;18;12;3;191;798;1.3;1.1;0.1;0.1;160;;0.77;;0.35;12;18
meat and meat products;Salami;MI;33.7;3.34;20.9;39.2;0.5;438;1814;0.5;0.1;0;0.4;83;;0.23;1.11;0.36;2;
meat and meat products;Salami snack;MI;23.5;4.02;25.1;44;1.9;504;2085;1.9;1.9;0;0;;;1.77;;0.27;2;
meat and meat products;Sausage roll, flaky pastry, ready-to-eat, retail;MI;36.5;1.35;8.4;24.1;27;352;1467;1.3;0.2;0.2;0;;0;2.11;;0.18;0.2;2
meat and meat products;Sausages, beef, fried in vegetable oil;MI;52.7;2.82;17.6;17.4;10.7;267;1114;2.6;0.4;0.8;0.1;42;;0.79;;0.13;0.9;
meat and meat products;Sausages, beef, grilled;MI;51.3;2.75;17.2;17.2;11;265;1105;2.4;0.4;0.7;0.1;42;;0.59;;0.14;0.9;
meat and meat products;Sausages, pork, chilled, fried in vegetable oil;MI;46.4;2.22;13.9;23.9;9.9;308;1279;1.6;0.4;0.2;0.1;53;1.1;0.86;;0.09;1;5
meat and meat products;Sausages, pork, chilled, grilled;MI;45.9;2.32;14.5;22.1;9.8;294;1221;1.5;0.4;0.2;0.1;53;1.1;0.92;;0.12;1;5
meat and meat products;Sausages, pork, reduced fat, fried in vegetable oil;MI;68;2.37;14.9;5.7;8.8;144;607;2.6;0.9;0.1;0.1;21;;0.12;;0.12;1;
meat and meat products;Sausages, pork, reduced fat, grilled;MI;63.2;2.58;16.2;6.1;10.7;160;672;3.4;1.2;0.1;0.1;24;;0.13;;0.11;1;
meat and meat products;Sausages, premium, fried in vegetable oil;MI;56.1;2.53;17.9;19.5;2.5;256;1065;1;0.8;0.1;0.1;69;;;;0.14;1;8
meat and meat products;Sausages, premium, grilled;MI;54.8;2.69;19;21.1;2.3;275;1141;0.9;0.7;0.1;0.1;72;;0.8;;0.14;1;8
meat and meat products;Saveloy, unbattered, takeaway;MI;56.1;2.2;13.8;22.3;10.8;296;1233;1.3;0.4;0.3;0;78;;0.45;;0.06;0;
meat and meat products;Scotch eggs, retail;MI;54;1.92;12;16;13.1;241;1006;0;0;0;0;165;0.7;;;0.13;0.5;
meat and meat products;Chilli con carne, retail, reheated;MR;76.4;1.23;7.7;4.3;7.1;96;404;2.7;;;;;;;;0.19;1;
meat and meat products;Chilli con carne, retail, reheated, with rice;MR;72.6;0.94;5.8;2.7;18.1;116;491;1.6;;;0;;;;;0.13;0.6;
meat and meat products;Chow mein, beef, retail, reheated;MR;71.7;1.07;6.7;6;14.7;136;571;2.4;;1.2;0;;;0.43;;;0;0
meat and meat products;Cornish pasty, retail;MR;47.3;1.12;7;17.8;24;278;1161;2.1;0.5;0.4;0;13;0;0.85;;0.19;0;0
meat and meat products;Curry, beef, retail, reheated;MR;69.5;2.16;13.5;6.6;6.3;137;575;4.5;1.5;0.7;0.7;32;;0.62;;0.2;;0
meat and meat products;Curry, beef, retail, reheated, with rice;MR;65.2;1.53;9.5;4.6;18.2;147;621;2.6;0.9;0.4;0.4;18.2;;0.51;;0.15;;0
meat and meat products;Doner kebab in pitta bread with salad;MR;54.8;2.29;14.1;16;12.5;248;1033;1.1;0.3;0;0;47;0.3;0.46;;0.11;1;0
meat and meat products;Doner kebabs, meat only;MR;42;3.76;23.5;31.4;0;377;1561;0;0;0;0;94;0.6;0.56;;0.2;2;0
meat and meat products;Hot pot, lamb/beef with potatoes, retail, reheated;MR;74.4;1.15;7.2;4.4;10.6;108;455;1;0.3;0.4;0;;;;;0.29;1;0
meat and meat products;Lasagne, retail, reheated;MR;68.1;1.18;7.4;6.1;15.7;143;603;3;0.6;0.4;1.3;18;;;2.66;0.14;1;
meat and meat products;Meat samosas, takeaway;MR;44.5;1.82;11.4;17.3;18.9;272;1136;1.9;0;0;0;19.7;0.3;0.55;;0.15;1;0
meat and meat products;Moussaka, retail, reheated;MR;70.6;1.33;8.3;8.3;8.6;140;586;2;0.4;0;1;26;0.3;;;0.15;1;
meat and meat products;Pie, beef, puff or shortcrust pastry, individual, retail;MR;44.1;1.47;9.2;17.7;25.5;292;1220;1.2;0.2;0.2;0;23.8;0;1.5;;0.2;1.2;
meat and meat products;Pork pie, individual;MR;32.1;1.58;9.9;26;25.7;370;1542;1.5;0.2;0.1;0;34.7;0;2.11;;0.18;0.2;4
meat and meat products;Pork, spare ribs, 'barbecue style', meat only, retail, reheated;MR;49.6;4.21;26.3;17.1;5.8;281;1173;4.4;;;0;160;1.7;0.05;;0.3;1;0
meat and meat products;Shish kebab in pitta bread with salad;MR;65.1;2.22;13.6;4.1;15.4;149;629;1.3;0.4;0;0;33.3;0.2;0.48;;0.1;1.1;0
meat and meat products;Shish kebab, meat only;MR;59.4;4.64;29;10;0;206;863;0;0;0;0;90;0.6;0.67;;0.26;3;0
meat and meat products;Spaghetti bolognese, retail, meat and sauce only, reheated;MR;76.9;1.49;9.3;5.7;5.3;108;454;3;1.1;0.6;0;;;;;;;0
meat and meat products;Spring rolls, meat, takeaway;MR;54.9;1.04;6.5;16.4;18.2;242;1009;1.8;0.4;0.5;0;7.4;;1.47;;0.06;0.4;0
meat and meat products;Stir-fry beef with green peppers and blackbean sauce, takeaway;MR;77.2;1.68;10.5;5.6;2.7;103;429;1;0.3;0;0;24.9;;1.14;;;;6
meat and meat products;Sweet and sour pork, battered, takeaway;MR;53.6;1.25;7.8;13.9;22.4;240;1005;11.5;3.7;4.2;0;27.4;;;;;;
non-alcoholic beverages;Coffee, cappuccino, latte;P;93.2;0.32;2;0.8;3.2;27;114;2.4;0;0;2.4;2.8;0.7;0;;0.01;0;0
non-alcoholic beverages;Coffee and chicory essence, with water;PA;97.3;0.01;0.1;0;2.4;9;40;2.3;0.1;2;0;0;0;;;;0;0
non-alcoholic beverages;Build up, powder, shake, assorted flavours;PAA;4.2;3.28;20.5;0.7;63;325;1383;62;;;;12;4.5;10;;2.2;2.3;65
non-alcoholic beverages;Build-up powder, soup, assorted flavours;PAA;3;2.3;14.4;14.9;57.3;407;1713;14.3;;;;;3.6;6.4;;1.5;1.6;60
non-alcoholic beverages;Coffee, powder, instant;PAA;3.4;3.26;14.6;0;4.5;75;320;0;0;0;0;0;0;0;4.3;0.02;0;0
non-alcoholic beverages;Complan powder, original and sweet;PAA;3.5;2.45;15.6;14.7;64.8;438;1846;42.8;0.4;4.9;34.9;;4.4;11;67;1.2;2.3;70
non-alcoholic beverages;Complan powder, savoury;PAA;3.5;2.53;16.1;15.6;62.5;439;1852;6.2;1.6;0.2;1.1;;4.4;11;67;1.2;2.3;70
non-alcoholic beverages;Drinking chocolate, powder;PAA;2.1;1.02;6.4;5.8;79.7;377;1598;77.7;0;77.7;0;0;0;0.41;;0.01;0;0
non-alcoholic beverages;Drinking chocolate, powder, reduced fat;PAA;2;1.02;6.4;2.3;82.1;354;1507;82.1;0;81.2;0;0;0;0.16;;0.01;0;0
non-alcoholic beverages;Horlicks, powder;PAA;2.5;1.5;9.4;3.1;83.7;379;1614;38.9;;;;;18.5;12.2;;2.4;1.2;73
non-alcoholic beverages;Instant drinks powder, chocolate, low calorie;PAA;4.5;2.56;16;11.1;52;359;1515;33.6;0.7;0;32.9;3;0.8;0.74;;0.04;0.2;0
non-alcoholic beverages;Instant drinks powder, malted, unfortified;PAA;3.4;0.91;5.7;6.2;82.5;388;1646;54.8;3.7;10.7;26.1;3.5;0;;;0.17;0;0
non-alcoholic beverages;Milk shake, powder;PAA;0.5;0.21;1.3;1.6;98.3;388;1654;98.3;0.1;95.2;0.2;0;7.1;0.15;;1.8;0;67
non-alcoholic beverages;Ovaltine, powder;PAA;2;1.14;7.3;1.9;83.1;358;1524;48.3;;;;;5;12;;1.4;2.5;80
non-alcoholic beverages;Tea, black, infusion, average;PAA;99.5;0;0.1;0;0;0;2;0;0;0;0;0;0;;0.27;0;0;0
non-alcoholic beverages;Coffee, infusion, average;PAC;98.3;0.03;0.2;0;0.3;2;8;0.3;;;0;0;0;0;0.06;0;0;0
non-alcoholic beverages;Coffee, instant, made up with water;PAC;99.2;0.02;0;0;0;0;2;0;0;0;0;0;0;0;;0;0;0
non-alcoholic beverages;Coffee, Irish;PAC;83.1;0.06;0.4;8.8;2.7;125;516;2.5;0;2.2;0.3;22.3;0;0.27;;0;0.1;0
non-alcoholic beverages;Tea, Chinese, leaves, infusion;PAC;99.6;0.02;0.1;0;0.2;1;5;0;0;0;0;0;0;;;0;0;0
non-alcoholic beverages;Tea, green, infusion;PAC;99.7;0.02;0.1;0;0;0;0;0;0;0;0;0;0;;;0;0;3
non-alcoholic beverages;Tea, herbal, infusion;PAC;99.7;0;0;0;0.2;1;3;0;0;0;0;0;0;0;;0;0;0
non-alcoholic beverages;Cola;PCA;89.7;0;0;0;10.9;41;174;10.9;3.5;4;0;0;0;0;;0;0;0
non-alcoholic beverages;Cola, diet;PCA;99.8;0;0;0;0;1;2;0;0;0;0;0;0;0;;0;0;0
non-alcoholic beverages;Energy drink, carbonated;PCA;88.7;0;0;0;11.1;42;178;11.1;;;0;0;0;0;;;;
non-alcoholic beverages;Fruit juice drink, carbonated, no added sugar, ready to drink;PCA;99.4;0;0;0;0.6;2;10;0.6;0.1;0.3;0;0;0;0;;0;0;1
non-alcoholic beverages;Fruit juice drink, carbonated, ready to drink;PCA;92.8;0;0;0;7.2;27;116;7.2;;;0;0;0;0;;0;0;1
non-alcoholic beverages;Lemonade;PCA;93.8;0;0;0;5.8;22;93;5.8;1.5;2.8;0;0;0;0;;0;0;0
non-alcoholic beverages;Lucozade;PCA;81.1;0;0;0;16;60;256;11.1;;;0;0;0;0;;0;0;8
non-alcoholic beverages;Tonic water;PCA;94.1;0;0;0;5.9;22;94;5.9;;;0;0;0;0;;0;0;0
non-alcoholic beverages;Barley water, diluted;PCC;95;0.01;0.1;0;4.7;18;77;4.3;;;0;0;0;;;0;0;2
non-alcoholic beverages;Barley water, undiluted;PCC;75.2;0.05;0.3;0;23.7;90;384;21.5;;;0;0;0;;;0.01;0;10
non-alcoholic beverages;Blackcurrant juice drink/squash, diluted;PCC;93.1;0;0;0;7.2;27;115;7.2;1.2;4.8;0;0;0;;;;0;
non-alcoholic beverages;Blackcurrant juice drink/squash, undiluted;PCC;47.5;0.02;0.1;0;54.2;204;869;54.2;8.8;36.3;0;0;0;;;;0;
non-alcoholic beverages;Fruit juice drink, no added sugar, ready to drink;PCC;96.6;0.03;0.2;0;0.9;4;18;0.9;0.3;0.3;0;0;0;0;;0.01;0;5
non-alcoholic beverages;Fruit juice drink/squash, diluted;PCC;98.2;0;0;0;1.8;7;29;1.8;0.7;0.2;0;0;0;;;0;0;
non-alcoholic beverages;Fruit juice drink/squash, no sugar added, diluted;PCC;99.5;0;0;0;0.3;1;5;0.3;0.1;0;0;0;0;0;;0;0;
non-alcoholic beverages;Fruit juice drink/squash, no sugar added, undiluted;PCC;97.3;0.02;0.1;0;1.4;6;25;1.4;0.5;0.2;0;0;0;0;;0.01;0;
non-alcoholic beverages;Fruit juice drink/squash, ready to drink;PCC;89.5;0.02;0.1;0;9.8;37;159;9.8;2.7;3.4;0;0;0;;;0.01;0;
non-alcoholic beverages;Fruit juice drink/squash, undiluted;PCC;91;0.02;0.1;0;8.9;34;144;8.9;3.7;1.2;0;0;0;;;0.01;0;
non-alcoholic beverages;High juice drink, diluted;PCC;91.4;0.01;0.1;0;8.5;32;137;8.5;3.3;2;0;0;0;;;0.01;0;
non-alcoholic beverages;High juice drink, no added sugar, undiluted;PCC;95.1;0.04;0.3;0;4.6;18;78;4.6;1.1;2.2;0;0;0;;;0.03;0;
non-alcoholic beverages;High juice drink, undiluted;PCC;57.1;0.04;0.3;0;42.6;161;687;42.6;16.6;9.8;0;0;0;;;0.03;0;
non-alcoholic beverages;Lemonade, homemade;PCC;83.4;0.01;0;0;16.7;63;268;16.7;0;16.7;0;0;0;0;;0.01;0;4
non-alcoholic beverages;Lime juice cordial, diluted;PCC;94.1;0;0;0;6;22;96;6;2.3;1.2;0;0;0;0;;0;0;0
non-alcoholic beverages;Lime juice cordial, undiluted;PCC;70.5;0.01;0.1;0;29.8;112;479;29.8;11.5;5.9;0;0;0;0;;0;0;0
non-alcoholic beverages;Apple juice concentrate, unsweetened, commerical;PE;31.4;0.08;0.5;0.6;57.6;223;952;57.6;13.2;10.4;0;0;0;0.02;;0.07;0;49
non-alcoholic beverages;Cranberry fruit juice drink;PE;87.9;0;0;0;12.1;45;194;12.1;;;0;0;0;0;;0;0;30
non-alcoholic beverages;Fruit juice, mixed;PE;88.5;0.06;0.4;0;10.3;40;172;10.3;;;0;0;0;0;;0.06;0;33
non-alcoholic beverages;Grape juice, unsweetened;PE;83.6;0.05;0.3;0.1;16;62;265;16;7.5;0;0;0;0;0;;0.04;0;0
non-alcoholic beverages;Grapefruit juice, unsweetened;PE;89.4;0.07;0.4;0.1;8.3;33;140;8.3;3;2;0;0;0;0.19;;0.02;0;31
non-alcoholic beverages;Lemon juice, fresh;PE;91.4;0.05;0.3;0;1.6;7;31;1.6;0.5;0.2;0;0;0;;;0.05;0;36
non-alcoholic beverages;Pineapple juice, unsweetened;PE;87.8;0.05;0.3;0.1;10.5;41;177;10.5;2.9;4.7;0;0;0;0.03;;0.05;0;11
non-alcoholic beverages;Smoothies;PE;86.2;0.08;0.5;0.1;12.2;49;207;11.6;;;0;0;0;;;;0;
non-alcoholic beverages;Tomato juice;PE;93.8;0.13;0.8;0;3;14;62;3;1.4;0;0;0;0;1.01;;0.06;0;8
alcoholic beverages;Pre-mixed spirit based drinks;Q;89.1;0;0;0;8;52;221;8;;;0;0;0;;;;0;
alcoholic beverages;Beer, bitter, average (<4% ABV);QA;93.9;0.05;0.3;0;2.2;30;124;2.2;0;0;0;0;0;;0;0.07;0;0
alcoholic beverages;Beer, bitter, best, premium;QA;93;0.05;0.3;0;2.2;33;139;2.2;0.3;0;0;0;0;;;0.09;0;0
alcoholic beverages;Beer, bitter, strong (>5% ABV);QA;93;0.05;0.3;0;2.2;42;175;2.2;0.3;0;0;0;0;;;0.09;0;0
alcoholic beverages;Lager, alcohol-free;QA;96.3;0.06;0.4;0;1.5;7;31;1.2;0.6;0;0;0;0;;;0.03;0;0
alcoholic beverages;Lager, extra strong;QA;88.7;0.05;0.3;0;2.4;60;249;2.4;1;0;0;0;0;;;0.06;0;0
alcoholic beverages;Lager, low alcohol;QA;97;0.05;0.3;0;0.5;16;67;0.5;0.3;0;0;0;0;;;0.05;0;0
alcoholic beverages;Lager, premium;QA;93;0.05;0.3;0;0;29;118;0;0;0;0;0;0;;;0.06;0;0
alcoholic beverages;Lager, standard;QA;93;0.05;0.3;0;0;24;98;0;0;0;0;0;0;;0;0.06;0;0
alcoholic beverages;Shandy, 50% lager, homemade;QA;93.4;0.03;0.2;0;2.9;23;96;2.9;0.8;1.4;0;0;0;;0;0.03;0;0
alcoholic beverages;Shandy, bottled or canned;QA;94;0;0;0;5;24;100;5;1.6;1.7;0;0;0;;;0.01;0;
alcoholic beverages;Stout, Guinness;QA;90.2;0.06;0.4;0;3.2;37;153;3.2;0;0;0;0;0;;0;0.08;0;0
alcoholic beverages;Cider, dry;QC;92.5;0;0;0;2.6;36;152;2.6;0.6;0.7;0;0;0;;;0.01;0;0
alcoholic beverages;Cider, low alcohol;QC;94.9;0;0;0;3.6;17;74;3.6;0.7;1.4;0;0;0;;;0;0;0
alcoholic beverages;Cider, strong;QC;86.9;0;0;0;7.3;68;285;7.3;1.8;2;0;0;0;;;0.01;0;0
alcoholic beverages;Cider, sweet;QC;91.2;0;0;0;4.3;42;176;4.3;1;1.2;0;0;0;;;0.01;0;0
alcoholic beverages;Wine, mulled wine, homemade;QE;63.8;0.05;0.3;0.2;20.2;155;651;20.2;3.5;13.1;0;0;0;0.04;;0.02;0;9
alcoholic beverages;Wine, red;QE;88.4;0.03;0.1;0;0.2;76;315;0.2;0.1;0;0;0;0;;0;0.03;0;0
alcoholic beverages;Wine, rose, medium;QE;87.3;0.01;0.1;0;2.5;79;329;2.5;0.8;0;0;0;0;;;0.02;0;0
alcoholic beverages;Wine, white, dry;QE;89.1;0.02;0.1;0;0.6;75;309;0.6;0.3;0;0;0;0;;;0.02;0;0
alcoholic beverages;Wine, white, medium;QE;86.3;0.02;0.1;0;3;75;313;3;1.2;;0;0;0;;;0.01;0;0
alcoholic beverages;Wine, white, sparkling;QE;85.8;0.04;0.3;0;5.1;84;351;5.1;2.2;0.1;0;0;0;;;0.02;0;0
alcoholic beverages;Wine, white, sweet;QE;80.6;0.03;0.2;0;5.9;94;394;5.9;2.6;0.1;0;0;0;;;0.01;0;0
alcoholic beverages;Port;QF;71.1;0.02;0.1;0;12;157;655;12;4.6;2.8;0;0;0;0;;0.01;0;0
alcoholic beverages;Sherry, medium;QF;78.8;0.02;0.1;0;5.9;116;482;5.9;3;0;0;0;0;0;;0.02;0;0
alcoholic beverages;Vermouth, dry;QG;82.1;0.01;0.1;0;3;109;453;3;1.1;0.7;0;0;0;0;;0.01;0;0
alcoholic beverages;Egg nog, homemade;QI;80.1;0.64;4;2.3;9.6;98;410;9.6;0;6.2;3.4;45.7;0.4;0.18;;0.06;0.9;2
alcoholic beverages;Liqueurs, cream;QI;48.7;0.47;3;13;21.8;305;1272;21.8;0;21;0.8;;0;0.57;;;0;0
alcoholic beverages;Liqueurs, high strength;QI;28;0;0;0;24.4;314;1313;24.4;2.6;17.1;0;0;0;0;;0;0;0
alcoholic beverages;Liqueurs, low-medium strength;QI;47.4;0;0;0;32.8;262;1099;32.8;6.3;20.4;0;0;0;0;;0;0;0
alcoholic beverages;Spirits, 40% volume;QK;68.3;0;0;0;0;222;919;0;0;0;0;0;0;0;0;0;0;0
snacks, desserts, and other foods;Bounty bar and own brand equivalents;SEA;8.6;0.59;3.7;26.3;61;480;2012;50.4;3.2;41.7;2.4;4;;;;;;
snacks, desserts, and other foods;Caramel bars and sweets, chocolate covered;SEA;4.8;0.66;4.2;23.6;70.2;493;2068;56;4.7;39.6;7.5;12.6;;;;;;
snacks, desserts, and other foods;Chocolate, dark, with cr?me or mint fondant centres;SEA;5.4;0.58;3.7;16.3;71.9;431;1816;62.9;4;56.5;0;3.3;;;;;;
snacks, desserts, and other foods;Chocolate, milk;SEA;1.6;1.15;7.3;31.1;56;519;2171;56;0;46.8;9.2;22.1;;;;;;
snacks, desserts, and other foods;Chocolate, plain;SEA;0.6;0.8;5;28;63.5;510;2137;62.6;0;62.4;0.2;6;;;;;;
snacks, desserts, and other foods;Chocolate, white;SEA;0.6;1.28;8;30.9;58.3;529;2212;58.3;0;47.6;10.7;;;;;;;
snacks, desserts, and other foods;Fruit gums/jellies;SEC;14;1.04;6.5;0;79.5;324;1383;58.7;6.3;46.4;0;0;;;;;;
snacks, desserts, and other foods;Fruit pastilles;SEC;9.1;0.45;2.8;0;84.2;327;1395;59.3;6.5;45.4;0;0;;;;;;
snacks, desserts, and other foods;Fudge, homemade;SEC;5.8;0.54;3.4;13.1;80.8;435;1836;80.8;0;75.7;5;37.3;;;;;;
snacks, desserts, and other foods;Halva, carrot, homemade;SEC;31.9;0.76;4.8;16.6;44;354;1478;43.3;2.6;33.8;4.9;6.2;;;;;;
snacks, desserts, and other foods;Halva, semolina, homemade;SEC;33.9;0.4;2.2;16.7;49.1;342;1436;37.6;0;37.6;0;0;;;;;;
snacks, desserts, and other foods;Honey;SC;17.5;0.06;0.4;0;76.4;288;1229;76.4;34.6;0;0;0;;;;;;
snacks, desserts, and other foods;Honey and comb;SC;20.2;0.09;0.6;4.6;74.4;281;1201;74.4;34.2;0;0;0;;;;;;
snacks, desserts, and other foods;Jam, fruit with edible seeds;SC;29.8;0.1;0.6;0;69;261;1114;69;27.4;18.7;0;0;;;;;;
snacks, desserts, and other foods;Jam, stone fruit;SC;29.6;0.06;0.4;0;69.3;261;1116;69.3;27.5;18.8;0;0;;;;;;
snacks, desserts, and other foods;Lemon curd;SC;35.9;0.09;0.6;4.9;58.4;266;1126;52.5;21.4;15.6;0;21;;;;;;
snacks, desserts, and other foods;Lemon curd, homemade;S;29.1;0.67;4.2;16;50.7;350;1473;50.7;0.1;50.3;0.1;145.5;;;;;;
snacks, desserts, and other foods;Maltesers and similar products;SEA;1.8;1.19;7.6;23.3;63;476;1998;55.5;2.3;36.9;14.2;11.7;;;;;;
snacks, desserts, and other foods;Marmalade;SC;28;0.01;0.1;0;69.5;261;1114;69.5;27.6;18.8;0;0;;;;;;
snacks, desserts, and other foods;Mars bar and own brand equivalents;SEA;7.1;0.65;4.1;15.3;66.6;404;1703;63.3;7.8;38.7;8.7;9.7;;;;;;
snacks, desserts, and other foods;Marshmallows;SEC;17.4;0.62;3.9;0;83.1;327;1396;64.5;12.1;41.5;0;0;;;;;;
snacks, desserts, and other foods;Milky Way and own brand equivalents;SEA;5.8;0.6;3.8;15.7;76.6;444;1872;69.7;6.5;47.1;8.3;9.4;;;;;;
snacks, desserts, and other foods;Mincemeat, vegetarian, homemade;S;29.8;0.27;1.7;9.5;43.8;306;1285;42.5;12.5;15.8;0;0;;;;;;
snacks, desserts, and other foods;Nougat, homemade;SEC;4.5;0.91;5.2;10.2;80;413;1747;79.6;3.2;72.6;0;68;;;;;;
snacks, desserts, and other foods;Peanut brittle, homemade;SEC;1.7;1.38;8.6;19;73.8;483;2031;71.8;3.8;64.2;0;11;;;;;;
snacks, desserts, and other foods;Peppermints;SEC;0.2;0.08;0.5;0.7;102.7;393;1678;102.7;1;101.7;0;0;;;;;;
snacks, desserts, and other foods;Popcorn, candied;SN;4.2;1.1;6.9;23.8;60.7;469;1969;15;0;15;0;0;;;;;;
snacks, desserts, and other foods;Popcorn, salted, retail;SN;4.3;1.44;9;23.5;59.3;470;1971;0.6;0;0.6;0;0;;;;;;
snacks, desserts, and other foods;Pork scratchings;SN;2.1;7.66;47.9;46;0.2;606;2520;0.2;0.2;0;0;129.2;;;;;;
snacks, desserts, and other foods;Potato crisps, low fat;SN;1.1;1.06;6.6;21.5;63.5;458;1924;1.5;0.2;0.8;0.5;0;;;;;;
snacks, desserts, and other foods;Potato rings;SN;2;0.57;3.6;22.4;70.5;480;2018;0.3;0;0.3;0;0;;;;;;
snacks, desserts, and other foods;Potato snacks, pringle-type, fried in vegetable oil;SNA;1.9;0.69;4.3;31.8;57.4;519;2168;1.5;0.3;1.1;0;0;;;;;;
snacks, desserts, and other foods;Smartie-type sweets;SEA;1.5;0.86;5.4;17.5;73.9;456;1922;70.8;0.3;65.6;4.8;17;;;;;;
snacks, desserts, and other foods;Sweets, boiled;SEC;16.6;0;0;0;87.1;327;1394;86.7;8.5;67.5;0;0;;;;;;
snacks, desserts, and other foods;Sweets, chew sweets;SEC;3.8;0.15;0.9;6;85.1;377;1599;54.5;6.3;40.5;0;0;;;;;;
snacks, desserts, and other foods;Sweets, sherbert;SEC;0.2;0.1;0.6;0;93.9;355;1513;93.9;0.2;93.7;0;0;;;;;;
snacks, desserts, and other foods;Syrup, corn, dark;SC;22.8;0;0;0;76.6;282;1181;28.1;14.9;2.2;0;0;;;;;;
snacks, desserts, and other foods;Syrup, golden;SC;20;0.05;0.3;0;79;298;1269;79;23.1;32.8;0;0;;;;;;
snacks, desserts, and other foods;Toffees, mixed;SEC;4;0.34;2.1;15.9;62.9;387;1630;39.1;5.9;29.9;0;17;;;;;;
snacks, desserts, and other foods;Topic/Snickers and own brand equivalents;SEA;5.4;1.39;7.5;28.2;52.1;479;2005;46.1;4.8;31;5.8;4.5;;;;;;
snacks, desserts, and other foods;Tortilla chips fried in sunflower oil;SN;1.3;1.16;7.2;27.4;60.8;504;2110;2.5;0.2;1.1;1;0;;;;;;
snacks, desserts, and other foods;Treacle, black;SC;28.5;0.19;1.2;0;67.2;257;1096;66.8;17.4;32.7;0;0;;;;;;
snacks, desserts, and other foods;Truffles, mocha, homemade;SEA;2.6;0.99;6.2;24.9;63.8;488;2049;62.9;0;60.1;2.8;13;;;;;;
snacks, desserts, and other foods;Truffles, rum, homemade;SEA;3.3;0.96;6;32.9;54.2;529;2209;53.4;0;53.1;0.3;139.6;;;;;;
snacks, desserts, and other foods;Turkish delight, with nuts, homemade;SEC;14.1;0.75;4.1;2.6;82;348;1478;81.8;0;81.8;0;0;;;;;;
snacks, desserts, and other foods;Turkish delight, without nuts;SEC;16.1;0.1;0.6;0;77.9;295;1257;68.6;;;0;0;;;;;;
snacks, desserts, and other foods;Twiglets;SN;3.2;2.16;12.3;11.8;63.3;393;1659;0.6;0;0.6;0;0;;;;;;
